Flow Duration,Total Length of Fwd Packets,Fwd Packet Length Max,Fwd Packet Length Mean,Bwd Packet Length Max,Bwd Packet Length Min,Flow IAT Mean,Flow IAT Min,Fwd IAT Min,Fwd Header Length,Bwd Header Length,Fwd Packets/s,Bwd Packets/s,Min Packet Length,URG Flag Count,Down/Up Ratio,Init_Win_bytes_forward,Init_Win_bytes_backward,min_seg_size_forward,Labelb
50833,0,0,0.0,0,0,50833.0,50833,0,32,32,19.67226015,19.67226015,0,1,1,319,153,32,0
49,0,0,0.0,0,0,49.0,49,49,64,0,40816.32653,0.0,0,0,0,277,-1,32,0
306,6,6,6.0,6,6,306.0,306,0,20,20,3267.973856,3267.973856,6,0,1,0,0,20,0
63041,65,65,65.0,124,124,63041.0,63041,0,32,32,15.86269253,15.86269253,65,0,1,-1,-1,32,0
47682,43,43,43.0,59,59,47682.0,47682,0,32,32,20.97227465,20.97227465,43,0,1,-1,-1,32,0
23896,88,44,44.0,100,100,7965.333333,3,3,64,64,83.69601607,83.69601607,44,0,1,-1,-1,32,0
343,62,31,31.0,159,159,114.3333333,4,48,40,40,5830.90379,5830.90379,31,0,1,-1,-1,20,0
25271,164,41,41.0,57,57,3610.142857,1,1,80,80,158.2841993,158.2841993,41,0,1,-1,-1,20,0
1060,78,39,39.0,104,104,353.3333333,48,48,40,40,1886.792453,1886.792453,39,0,1,-1,-1,20,0
224,82,41,41.0,169,169,74.66666667,3,3,64,64,8928.571429000001,8928.571429000001,41,0,1,-1,-1,32,0
24644,176,44,44.0,60,60,3520.571429,3,3,80,80,162.3113131,162.3113131,44,0,1,-1,-1,20,0
64182028,876,479,54.75,1460,0,2139400.933,33,797,332,384,0.24929097,0.233710284,0,0,0,8192,114,20,0
14387858,825,472,82.5,1869,0,846344.5882,40,8583,212,172,0.69503049,0.556024392,0,0,0,8192,245,20,0
15194838,18,6,6.0,0,0,3798709.5,23597,5164103,60,64,0.197435471,0.1316236469999999,0,0,0,256,302,20,0
1,12,6,6.0,0,0,1.0,1,1,40,0,2000000.0,0.0,6,0,0,5500,-1,20,0
254408,548,189,60.88888889,2820,0,14133.77778,3,4,192,212,35.37624603,39.30694003,0,0,1,8192,119,20,0
101547,552,193,61.33333333,2255,0,5641.5,1,3,192,212,88.62891075,98.4765675,0,0,1,8192,119,20,0
112,12,6,6.0,0,0,112.0,112,112,40,0,17857.14286,0.0,6,0,0,253,-1,20,0
5914303,12,6,4.0,0,0,1971434.333,114,15953,80,32,0.507244894,0.169081631,0,0,0,29200,29200,20,0
195,86,43,43.0,102,102,65.0,4,48,80,80,10256.41026,10256.41026,43,0,1,-1,-1,40,0
204,90,45,45.0,86,86,68.0,4,4,64,64,9803.921569,9803.921569,45,0,1,-1,-1,32,0
15409612,1391,517,126.4545455,1448,0,733791.0476,3,190,360,360,0.7138401670000001,0.7138401670000001,0,0,1,29200,35,32,0
60096871,1192,517,62.73684211,2338,0,1365837.977,1,195,400,532,0.316156227,0.4326348370000001,0,0,1,29200,127,20,0
222,64,32,32.0,88,88,74.0,2,192,40,40,9009.009009,9009.009009,32,0,1,-1,-1,20,0
20272501,1824,709,58.83870968,2896,0,332336.082,3,3,1108,1000,1.52916505,1.52916505,0,0,1,29200,129,32,0
832996,1778,603,136.76923080000003,1313,0,34708.16667,1,170,424,392,15.60631744,14.40583148,0,0,0,29200,60,32,0
3,0,0,0.0,0,0,1.5,1,1,96,0,1000000.0,0.0,0,1,0,290,-1,32,0
47346,52,52,52.0,68,68,47346.0,47346,0,32,32,21.12110844,21.12110844,52,0,1,-1,-1,32,0
263,82,41,41.0,105,105,87.66666667,4,4,40,40,7604.562738,7604.562738,41,0,1,-1,-1,20,0
4,31,31,15.5,0,0,4.0,4,4,64,0,500000.0,0.0,0,0,0,118,-1,32,0
48,0,0,0.0,0,0,48.0,48,0,32,32,20833.33333,20833.33333,0,1,1,377,406,32,0
51504,0,0,0.0,0,0,51504.0,51504,0,32,32,19.41596769,19.41596769,0,1,1,237,111,32,0
24027,60,30,30.0,97,97,8009.0,4,4,80,64,83.23968868,83.23968868,30,0,1,-1,-1,40,0
64438106,176,45,25.14285714,41,41,8054763.25,15,15,140,40,0.108631374,0.031037535,6,0,0,246,31,20,0
46387,54,54,54.0,162,162,46387.0,46387,0,20,20,21.55776403,21.55776403,54,0,1,-1,-1,20,0
57254751,148,77,74.0,159,139,19100000.0,406,57300000,64,64,0.034931599,0.034931599,71,0,1,-1,-1,32,0
60442,276,69,69.0,151,151,12088.4,3,3,104,40,66.17914695,33.08957348,69,0,0,-1,-1,20,0
5246365,1432,885,179.0,1460,0,349757.6667,3,539,184,172,1.524865312,1.524865312,0,0,1,8192,19,20,0
52,0,0,0.0,0,0,52.0,52,0,32,32,19230.76923,19230.76923,0,1,1,905,229,32,0
197,37,37,18.5,6,6,98.5,3,3,64,20,10152.28426,5076.142132,0,0,0,1106,0,32,0
5145482,135,46,27.0,46,46,1029096.4,4,4,100,20,0.971726264,0.194345253,6,0,0,255,416,20,0
61515461,1639,517,68.29166667,4380,0,1255417.571,4,198,500,532,0.39014582,0.4226579720000001,0,0,1,29200,131,20,0
172,60,30,30.0,94,94,57.33333333,3,3,64,64,11627.90698,11627.90698,30,0,1,-1,-1,32,0
116215102,1344,646,40.72727273,1418,0,1936918.367,1,1,1064,904,0.283956211,0.240932542,0,0,0,29200,367,32,0
12513829,2652,862,189.4285714,2896,0,568810.4091,13,13,456,296,1.118762291,0.71920433,0,0,0,29200,1026,32,0
249,64,32,32.0,48,48,83.0,48,48,64,64,8032.128514,8032.128514,32,0,1,-1,-1,32,0
169,43,31,14.33333333,6,6,56.33333333,3,3,60,20,17751.47929,5917.159763000002,6,0,0,1129,0,20,0
4,43,31,14.33333333,0,0,2.0,0,0,60,0,750000.0,0.0,6,0,0,62,-1,20,0
5211325,379,186,42.11111111,1418,0,372237.5,9,48,296,200,1.7270080069999998,1.151338671,0,0,0,29200,349,32,0
75617049,2102,1052,191.0909091,1108,0,3600811.857,4,275,352,352,0.14546984,0.14546984,0,0,1,311,334,32,0
103864,6,6,6.0,6,6,103864.0,103864,0,20,20,9.627975044,9.627975044,6,1,1,237,237,20,0
77821,50,50,50.0,66,66,77821.0,77821,0,20,20,12.85000193,12.85000193,50,0,1,-1,-1,20,0
117402843,616,194,47.38461538,1460,0,4891785.125,4,15107,272,252,0.1107298569999999,0.102212176,0,0,0,8192,31,20,0
23722,120,30,30.0,224,224,4744.4,1,1,80,40,168.6198466,84.30992328,30,0,0,-1,-1,20,0
1960,31,31,10.33333333,0,0,980.0,4,4,96,0,1530.612245,0.0,0,0,0,118,-1,32,0
4,253,216,84.33333333,0,0,2.0,1,1,60,0,750000.0,0.0,6,0,0,11,-1,20,0
500007,62,31,31.0,0,0,500007.0,500007,500007,40,0,3.999944001,0.0,31,1,0,75,-1,20,0
52,0,0,0.0,0,0,52.0,52,52,64,0,38461.53846,0.0,0,0,0,260,-1,32,0
50740,94,47,47.0,103,103,16913.33333,3,3,40,40,39.41663382,39.41663382,47,0,1,-1,-1,20,0
51014,76,38,38.0,90,90,17004.66667,4,49,40,40,39.20492414,39.20492414,38,0,1,-1,-1,20,0
48080,76,38,38.0,104,104,16026.66667,4,4,40,40,41.59733777,41.59733777,38,0,1,-1,-1,20,0
122902,76,38,38.0,150,150,40967.33333,48,48,40,40,16.27312818,16.27312818,38,0,1,-1,-1,20,0
72,6,6,6.0,6,6,72.0,72,0,20,20,13888.88889,13888.88889,6,1,1,229,256,20,0
3,31,31,15.5,0,0,3.0,3,3,64,0,666666.6667,0.0,0,0,0,290,-1,32,0
21,0,0,0.0,0,0,21.0,21,0,32,32,47619.04762,47619.04762,0,1,1,123,614,32,0
30,0,0,0.0,0,0,30.0,30,0,32,32,33333.33333,33333.33333,0,1,1,123,591,32,0
3,12,6,6.0,0,0,3.0,3,3,40,0,666666.6667,0.0,6,0,0,119,-1,20,0
4,31,31,15.5,0,0,4.0,4,4,64,0,500000.0,0.0,0,0,0,30,-1,32,0
55,6,6,6.0,6,6,55.0,55,0,20,20,18181.81818,18181.81818,6,1,1,66,343,20,0
117905234,1145,408,67.35294118,2860,0,3803394.645,1,25,352,312,0.144183591,0.127220815,0,0,0,8192,360,20,0
83513,124,31,31.0,126,126,16702.6,3,3,104,40,47.89673464,23.94836732,31,0,0,-1,-1,20,0
5787982,12,6,4.0,0,0,1929327.333,65,99842,72,32,0.518315364,0.172771788,0,0,0,8192,29200,20,0
23512,6,6,6.0,6,6,23512.0,23512,0,20,20,42.53147329,42.53147329,6,1,1,740,127,20,0
23878,46,46,46.0,174,174,23878.0,23878,0,32,20,41.8795544,41.8795544,46,0,1,-1,-1,32,0
193,80,40,40.0,56,56,64.33333333,3,48,40,40,10362.6943,10362.6943,40,0,1,-1,-1,20,0
23903,80,40,40.0,101,101,7967.666667,3,4,40,40,83.67150567,83.67150567,40,0,1,-1,-1,20,0
61510,212,53,53.0,119,119,12302.0,3,3,104,40,65.03007641,32.51503821,53,0,0,-1,-1,20,0
25084,160,40,40.0,130,130,3583.428571,3,3,104,80,159.46420030000004,159.46420030000004,40,0,1,-1,-1,20,0
14617872,18,6,6.0,0,0,3654468.0,23456,4587103,60,64,0.20522823,0.13681882,0,0,0,256,290,20,0
49829,0,0,0.0,0,0,24914.5,54,49829,64,32,40.13726946,20.06863473,0,1,0,260,389,32,0
105,6,6,6.0,6,6,105.0,105,0,20,20,9523.809524,9523.809524,6,1,1,106,256,20,0
76,6,6,6.0,6,6,76.0,76,0,20,20,13157.89474,13157.89474,6,1,1,52,256,20,0
60833,52,52,52.0,68,68,60833.0,60833,0,20,20,16.43844624,16.43844624,52,0,1,-1,-1,20,0
88182418,292,42,36.5,374,142,8016583.455,1,1,184,80,0.090721032,0.045360516,31,0,0,-1,-1,20,0
18569,6,6,6.0,6,6,18569.0,18569,0,20,20,53.85319619,53.85319619,6,0,1,0,292,20,0
216962,5673,5133,810.4285714,1460,2,12053.44444,1,483,152,244,32.26371438,55.30922466,0,0,1,8192,65535,20,0
45,6,6,6.0,6,6,45.0,45,0,20,20,22222.22222,22222.22222,6,1,1,114,255,20,0
164,90,45,45.0,61,61,54.66666667,3,3,40,40,12195.12195,12195.12195,45,0,1,-1,-1,20,0
116460949,2263,617,15.5,4380,0,346609.9673,0,3,2932,3964,1.2536391059999998,1.640034721,0,0,1,8192,1019,20,0
60555253,1699,517,49.97058824,4380,0,841045.1806,0,1,700,792,0.561470695,0.644039915,0,0,1,29200,131,20,0
20727635,1344,709,84.0,2896,0,714746.0345,22,49,520,456,0.771916333,0.6754267909999999,0,0,0,29200,123,32,0
104859421,100,52,50.0,242,112,35000000.0,24228,104000000,52,52,0.019073155,0.019073155,48,0,1,-1,-1,20,0
282,94,47,47.0,103,103,94.0,48,49,40,40,7092.198581999999,7092.198581999999,47,0,1,-1,-1,20,0
163,46,23,23.0,23,23,54.33333333,1,1,64,64,12269.93865,12269.93865,23,0,1,-1,-1,32,0
4,6,6,6.0,6,6,4.0,4,0,20,20,250000.0,250000.0,6,0,1,256,121,20,0
69805,41,41,41.0,219,219,69805.0,69805,0,20,20,14.32562137,14.32562137,41,0,1,-1,-1,20,0
92970,56,56,56.0,338,338,92970.0,92970,0,32,20,10.7561579,10.7561579,56,0,1,-1,-1,32,0
153,80,40,40.0,56,56,51.0,4,4,64,64,13071.89542,13071.89542,40,0,1,-1,-1,32,0
214,72,36,36.0,68,68,71.33333333,48,48,40,40,9345.794393,9345.794393,36,0,1,-1,-1,20,0
5679467,0,0,0.0,0,0,1893155.667,66,23865,104,40,0.528218581,0.17607286,0,0,0,29200,28960,32,0
16368,6,6,6.0,6,6,16368.0,16368,0,20,20,61.09481916,61.09481916,6,1,1,242,274,20,0
106254,0,0,0.0,0,0,106254.0,106254,0,32,32,9.411410394,9.411410394,0,1,1,812,125,32,0
144,6,6,6.0,6,6,144.0,144,0,20,20,6944.444444,6944.444444,6,1,1,256,245,20,0
307,12,6,6.0,0,0,307.0,307,307,40,0,6514.65798,0.0,6,0,0,32,-1,20,0
169,0,0,0.0,0,0,169.0,169,0,32,32,5917.159763000002,5917.159763000002,0,1,1,290,243,32,0
115453997,2547,849,115.7727273,1502,0,2684976.674,9,48,704,704,0.190552086,0.190552086,0,0,1,1804,88,32,0
118899953,13640,341,53.28125,3386,0,227342.1663,1,1,8192,8576,2.1530706580000003,2.253995845,0,0,1,4466,336,32,0
44,0,0,0.0,0,0,44.0,44,0,32,32,22727.27273,22727.27273,0,1,1,995,852,32,0
465,55,55,55.0,105,105,465.0,465,0,32,32,2150.537634,2150.537634,55,0,1,-1,-1,32,0
148016,184,46,46.0,150,150,29603.2,3,3,104,40,27.0241055,13.51205275,46,0,0,-1,-1,20,0
182145,196,49,49.0,155,155,36429.0,0,0,104,40,21.96052595,10.98026298,49,0,0,-1,-1,20,0
44,12,6,6.0,0,0,44.0,44,44,40,0,45454.54545,0.0,6,0,0,256,-1,20,0
79937,128,32,32.0,48,48,15987.4,3,3,80,40,50.03940603,25.01970302,32,0,0,-1,-1,20,0
69633,228,57,57.0,139,139,13926.6,3,3,80,40,57.44402798,28.72201399,57,0,0,-1,-1,20,0
108,12,6,6.0,0,0,108.0,108,108,40,0,18518.51852,0.0,6,0,0,254,-1,20,0
23281,49,49,49.0,177,177,23281.0,23281,0,32,32,42.95348138,42.95348138,49,0,1,-1,-1,32,0
111772989,8060,403,201.5,316,316,1894457.441,1,1,1280,640,0.3578682139999999,0.1789341069999999,0,0,0,1023,2079,32,0
178,102,51,51.0,112,112,59.33333333,2,3,64,64,11235.95506,11235.95506,51,0,1,-1,-1,32,0
36828,0,0,0.0,0,0,36828.0,36828,0,32,32,27.15325296,27.15325296,0,1,1,65535,396,32,0
1212504,297,297,74.25,1448,0,173214.8571,40,179745,136,140,3.298958189,3.298958189,0,0,1,29200,4677,32,0
190568,0,0,0.0,0,0,190568.0,190568,0,32,32,5.247470719,5.247470719,0,1,1,428,32,32,0
71323,64,64,64.0,157,157,71323.0,71323,0,32,32,14.02072263,14.02072263,64,0,1,-1,-1,32,0
78731,53,53,53.0,148,148,78731.0,78731,0,32,20,12.70147718,12.70147718,53,0,1,-1,-1,32,0
346,94,47,47.0,110,110,115.3333333,1,1,64,64,5780.346821,5780.346821,47,0,1,-1,-1,32,0
23787,82,41,41.0,73,73,7929.0,3,3,40,40,84.07953924,84.07953924,41,0,1,-1,-1,20,0
43,6,6,6.0,6,6,43.0,43,0,20,20,23255.81395,23255.81395,6,1,1,119,255,20,0
49015,60,30,30.0,94,94,16338.33333,4,4,64,64,40.80383556,40.80383556,30,0,1,-1,-1,32,0
218,102,51,51.0,112,112,72.66666667,48,49,64,64,9174.311927,9174.311927,51,0,1,-1,-1,32,0
48464,92,92,92.0,170,170,48464.0,48464,0,32,32,20.63387257,20.63387257,92,0,1,-1,-1,32,0
47,38,38,38.0,6,6,47.0,47,0,20,20,21276.59574,21276.59574,6,0,1,351,0,20,0
753284,628,628,209.3333333,407,0,125547.3333,3,232789,104,136,3.98256169,5.310082253,0,0,1,29200,123,32,0
1547910,24304,5472,1215.2,2836,0,39690.0,1,2,660,648,12.92064784,12.92064784,0,0,1,29200,720,32,0
301,0,0,0.0,0,0,301.0,301,301,64,0,6644.518272,0.0,0,0,0,30558,-1,32,0
204,0,0,0.0,0,0,204.0,204,204,64,0,9803.921569,0.0,0,0,0,30016,-1,32,0
449651,649,649,216.3333333,421,0,74941.83333,1,81,104,136,6.67184105,8.895788067,0,0,1,29200,5029,32,0
34714114,1760,431,160.0,1963,0,1735705.7,47,9448,232,236,0.316873995,0.2880672689999999,0,0,0,8192,1013,20,0
72673634,5536,303,20.65671642,4380,0,114087.3375,1,56,5372,7484,3.687719813,5.091254966,0,0,1,8192,103,20,0
212013,44,44,44.0,60,60,212013.0,212013,0,32,20,4.716691901,4.716691901,44,0,1,-1,-1,32,0
48988,81,81,81.0,163,163,48988.0,48988,0,32,20,20.41316241,20.41316241,81,0,1,-1,-1,32,0
115574577,439,439,27.4375,796,0,3985330.241,40,54,520,456,0.13843875,0.121133906,0,0,0,29200,285,32,0
15987554,1767,579,196.3333333,246,0,999222.125,35,66,200,172,0.562937895,0.50038924,0,0,0,29200,142,20,0
61008,64,32,32.0,70,70,20336.0,1,1,40,80,32.78258589,32.78258589,32,0,1,-1,-1,20,0
219,64,32,32.0,102,102,73.0,48,48,80,80,9132.420091,9132.420091,32,0,1,-1,-1,40,0
171,66,33,33.0,82,82,57.0,1,1,80,80,11695.90643,11695.90643,33,0,1,-1,-1,40,0
205,64,32,32.0,102,102,68.33333333,3,3,80,80,9756.097561,9756.097561,32,0,1,-1,-1,40,0
190,66,33,33.0,49,49,63.33333333,48,48,80,80,10526.31579,10526.31579,33,0,1,-1,-1,40,0
200,80,40,40.0,56,56,66.66666667,14,14,80,64,10000.0,10000.0,40,0,1,-1,-1,40,0
246432,0,0,0.0,0,0,246432.0,246432,0,32,32,4.057914557,4.057914557,0,1,1,891,676,32,0
445660,613,613,204.3333333,0,0,89132.0,60,3249,104,104,6.7315891039999975,6.7315891039999975,0,0,1,29200,4993,32,0
155883,80,40,40.0,136,136,51961.0,3,48,64,40,12.83013542,12.83013542,40,0,1,-1,-1,32,0
70967,88,44,44.0,172,172,23655.66667,3,3,40,40,28.18211281,28.18211281,44,0,1,-1,-1,20,0
4655940,135,46,27.0,46,46,931188.0,3,3,100,20,1.073897,0.2147793999999999,6,0,0,254,368,20,0
181,72,36,36.0,68,68,60.33333333,4,4,64,64,11049.72376,11049.72376,36,0,1,-1,-1,32,0
5448444,367,210,45.875,2004,0,454037.0,16,16,264,168,1.4683091169999998,0.917693198,0,0,0,29200,118,32,0
48,0,0,0.0,6,6,24.0,1,0,32,40,20833.33333,41666.66667,0,1,2,1444,0,32,0
131,6,6,6.0,6,6,131.0,131,0,20,20,7633.587786,7633.587786,6,1,1,30,255,20,0
60,6,6,6.0,6,6,60.0,60,0,20,20,16666.66667,16666.66667,6,1,1,115,256,20,0
256,70,35,35.0,84,84,85.33333333,1,1,64,80,7812.5,7812.5,35,0,1,-1,-1,32,0
233,64,32,32.0,102,102,77.66666667,48,48,80,80,8583.690987,8583.690987,32,0,1,-1,-1,40,0
236,64,32,32.0,129,129,78.66666667,1,1,80,80,8474.576271,8474.576271,32,0,1,-1,-1,40,0
197,66,33,33.0,82,82,65.66666667,1,1,80,80,10152.28426,10152.28426,33,0,1,-1,-1,40,0
18,24,6,6.0,0,0,4.5,1,1,80,32,222222.2222,55555.55556,0,0,0,0,525,20,0
1393,26,20,8.666666667000001,4380,0,174.125,3,4,72,132,2153.625269,4307.250538,0,0,2,8192,229,20,1
8399787,24,6,6.0,0,0,2799929.0,257,257,80,0,0.476202551,0.0,6,0,0,256,-1,20,1
7731256,30,6,6.0,0,0,1932814.0,250,250,100,0,0.646725448,0.0,6,0,0,256,-1,20,1
659835,26,20,8.666666667000001,5755,0,82479.375,1,1,72,132,4.546591193,9.093182387,0,0,2,8192,229,20,1
1133412,30,6,6.0,0,0,283353.0,1,1,100,0,4.411458499,0.0,6,0,0,256,-1,20,1
12148922,24,6,6.0,0,0,4049640.667,313,313,80,0,0.329247319,0.0,6,0,0,256,-1,20,1
11328660,30,6,6.0,0,0,2832165.0,1,1,100,0,0.441358466,0.0,6,0,0,256,-1,20,1
694013,26,20,8.666666667000001,5840,0,99144.71429,30,257,72,112,4.3226855980000005,7.204475997,0,0,1,8192,229,20,1
7934320,24,6,6.0,0,0,2644773.333,251,251,80,0,0.504138981,0.0,6,0,0,256,-1,20,1
4858876,24,6,6.0,0,0,1619625.333,373,373,80,0,0.823235662,0.0,6,0,0,256,-1,20,1
1283964,26,20,8.666666667000001,7215,0,183423.4286,4,93,72,112,2.3365141080000003,3.89419018,0,0,1,8192,229,20,1
143121,26,20,8.666666667000001,4380,0,17890.125,16,124,72,132,20.96128451,41.92256902,0,0,2,8192,229,20,1
72867,26,20,8.666666667000001,5840,0,9108.375,19,406,72,132,41.17090041,82.34180082,0,0,2,8192,229,20,1
1611296,30,6,6.0,0,0,402824.0,329,329,100,0,3.103092169,0.0,6,0,0,256,-1,20,1
10750687,24,6,6.0,0,0,3583562.333,987,987,80,0,0.372069245,0.0,6,0,0,256,-1,20,1
8745768,30,6,6.0,0,0,2186442.0,4,4,100,0,0.5717050810000001,0.0,6,0,0,256,-1,20,1
72084492,56,20,7.0,5840,0,6007041.0,58,211,172,112,0.110980875,0.069363047,0,0,0,256,229,20,1
923014,26,20,8.666666667000001,7215,0,131859.1429,4,96,72,112,3.250221557,5.417035928,0,0,1,8192,229,20,1
11156,26,20,8.666666667000001,4380,0,1593.714286,86,97,72,112,268.9135891,448.1893152,0,0,1,8192,229,20,1
71864137,56,20,7.0,11595,0,6533103.364,44,60,172,92,0.111321173,0.055660586,0,0,0,256,229,20,1
114000,26,20,8.666666667000001,7300,0,14250.0,3,48,72,132,26.31578947,52.63157895,0,0,2,8192,229,20,1
881840,26,20,8.666666667000001,4380,0,110230.0,3,3,72,132,3.401977683,6.803955366,0,0,2,8192,229,20,1
73349483,56,20,7.0,10135,0,6112456.917,3,3,172,112,0.10906689,0.068166806,0,0,0,256,229,20,1
72015438,1703,285,18.71428571,2860,0,284646.0,1,51,1832,3272,1.263617948,2.263403577,0,0,1,8192,368,20,0
60193,176,44,44.0,100,100,12038.6,3,3,80,40,66.45290981,33.2264549,44,0,0,-1,-1,20,0
251,76,38,38.0,242,242,83.66666667,4,4,40,40,7968.127490000003,7968.127490000003,38,0,1,-1,-1,20,0
171447,116,29,29.0,114,114,34289.4,47,47,80,64,23.33082527,11.66541263,29,0,0,-1,-1,20,0
85921,176,44,44.0,100,100,17184.2,3,3,80,40,46.55439299,23.27719649,44,0,0,-1,-1,20,0
24121,88,44,44.0,82,82,8040.333333,3,3,40,40,82.91530202,82.91530202,44,0,1,-1,-1,20,0
458,55,55,55.0,55,55,458.0,458,0,20,20,2183.406114,2183.406114,55,0,1,-1,-1,20,0
46507,54,54,54.0,92,92,46507.0,46507,0,20,20,21.50213946,21.50213946,54,0,1,-1,-1,20,0
45,6,6,6.0,6,6,45.0,45,0,20,20,22222.22222,22222.22222,6,0,1,0,254,20,0
71993134,12976,8760,2162.666667,20,0,5142366.714,1,193,132,204,0.083341281,0.125011921,0,1,1,229,256,20,0
929129,11607,5840,1934.5,20,0,116141.125,3,3,132,72,6.457660885,3.228830442,0,0,0,29200,256,20,0
12906621,6,6,6.0,6,6,2581324.2,4,0,20,100,0.077479613,0.387398065,6,1,5,229,0,20,0
11318682,6,6,6.0,6,6,2263736.4,998,0,20,100,0.088349509,0.441747546,6,1,5,229,0,20,0
9320752,6,6,6.0,6,6,1864150.4,1,0,20,100,0.1072874809999999,0.536437403,6,1,5,229,0,20,0
9322672,6,6,6.0,6,6,1553778.667,1,0,20,120,0.107265385,0.643592309,6,1,6,229,0,20,0
4588146,135,46,27.0,46,46,917629.2,49,49,100,20,1.089764798,0.21795296,6,0,0,256,32,20,0
46,6,6,6.0,6,6,46.0,46,0,20,20,21739.13043,21739.13043,6,1,1,119,255,20,0
27,6,6,6.0,6,6,27.0,27,0,20,20,37037.03704,37037.03704,6,1,1,115,229,20,0
353203,26,20,8.666666667000001,10135,0,58867.16667000001,72,801,72,92,8.493699091,11.32493212,0,0,1,8192,229,20,1
350984,26,20,8.666666667000001,5840,0,50140.57143,57,846,72,112,8.547398172000001,14.24566362,0,0,1,8192,229,20,1
887917,26,20,8.666666667000001,5840,0,126845.2857,4,197,72,112,3.37869418,5.631156966,0,0,1,8192,229,20,1
706249,26,20,8.666666667000001,4380,0,88281.125,12,117,72,132,4.247793625,8.49558725,0,0,2,8192,229,20,1
38222,26,20,8.666666667000001,5840,0,4777.75,10,10,72,132,78.48882842,156.97765680000003,0,0,2,8192,229,20,1
113352,26,20,8.666666667000001,5840,0,16193.14286,3,97,72,112,26.46622909,44.11038182,0,0,1,8192,229,20,1
101870,26,20,8.666666667000001,4380,0,14552.85714,26,502,72,112,29.44929813,49.08216354,0,0,1,8192,229,20,1
3003954,24,6,6.0,0,0,1001318.0,4,4,80,0,1.331578313,0.0,6,0,0,256,-1,20,1
858018,30,6,6.0,0,0,214504.5,0,0,100,0,5.827383575,0.0,6,0,0,256,-1,20,1
854010,24,6,6.0,0,0,284670.0,1,1,80,0,4.683785904,0.0,6,0,0,256,-1,20,1
305576,26,20,8.666666667000001,11595,0,50929.33333,44,165,72,92,9.817524937,13.09003325,0,0,1,8192,229,20,1
624952,26,20,8.666666667000001,4380,0,78119.0,4,4,72,132,4.800368668,9.600737337,0,0,2,8192,229,20,1
8826787,24,6,6.0,0,0,2942262.333,4,4,80,0,0.453166027,0.0,6,0,0,256,-1,20,1
8021778,30,6,6.0,0,0,2005444.5,1,1,100,0,0.623303213,0.0,6,0,0,256,-1,20,1
303054,26,20,8.666666667000001,4380,0,33672.66667,29,135,72,152,9.899225881,23.09819372,0,0,2,8192,229,20,1
891505,26,20,8.666666667000001,8760,0,127357.8571,1,98,72,112,3.365096102,5.608493502999999,0,0,1,8192,229,20,1
1625453,26,20,8.666666667000001,8760,0,270908.8333,68,311,72,92,1.845639339,2.460852452,0,0,1,8192,229,20,1
2224207,24,6,6.0,0,0,741402.3333,4,4,80,0,1.798393765,0.0,6,0,0,256,-1,20,1
1355722,26,20,8.666666667000001,5840,0,193674.5714,90,295,72,112,2.212843046,3.688071743,0,0,1,8192,229,20,1
314127,26,20,8.666666667000001,5840,0,39265.875,3,60,72,132,9.550277436,19.10055487,0,0,2,8192,229,20,1
808520,26,20,8.666666667000001,11595,0,134753.3333,64,202,72,92,3.710483352,4.947311136000001,0,0,1,8192,229,20,1
815141,26,20,8.666666667000001,5840,0,101892.625,3,76,72,132,3.680344873,7.360689746,0,0,2,8192,229,20,1
9661,26,20,8.666666667000001,5840,0,1073.444444,1,1,72,152,310.5268606,724.5626747,0,0,2,8192,229,20,1
8145805,24,6,6.0,0,0,2715268.333,1,1,80,0,0.491050301,0.0,6,0,0,256,-1,20,1
80388,26,20,8.666666667000001,5840,0,10048.5,1,1,72,132,37.31900284,74.63800567,0,0,2,8192,229,20,1
713399,26,20,8.666666667000001,7215,0,101914.1429,13,144,72,112,4.205220361,7.008700601,0,0,1,8192,229,20,1
6163815,24,6,6.0,0,0,2054605.0,231,231,80,0,0.648948744,0.0,6,0,0,256,-1,20,1
4864208,24,6,6.0,0,0,1621402.667,998,998,80,0,0.822333255,0.0,6,0,0,256,-1,20,1
100024,24,6,6.0,0,0,33341.33333,3,3,80,0,39.9904023,0.0,6,0,0,256,-1,20,1
13196685,24,6,6.0,0,0,4398895.0,3,3,80,0,0.303106424,0.0,6,0,0,256,-1,20,1
39341,26,20,8.666666667000001,8760,0,6556.833333,34,662,72,92,76.25632292,101.6750972,0,0,1,8192,229,20,1
857045,26,20,8.666666667000001,11595,0,142840.8333,3,3,72,92,3.500399629,4.667199505,0,0,1,8192,229,20,1
7333815,24,6,6.0,0,0,2444605.0,4,4,80,0,0.545418721,0.0,6,0,0,256,-1,20,1
733690,26,20,8.666666667000001,5840,0,104812.8571,2,44,72,112,4.088920389,6.814867315,0,0,1,8192,229,20,1
5327902,24,6,6.0,0,0,1775967.333,1,1,80,0,0.75076456,0.0,6,0,0,256,-1,20,1
120860,26,20,8.666666667000001,10135,0,17265.71429,5,80,72,112,24.82210822,41.37018037,0,0,1,8192,229,20,1
104636,26,20,8.666666667000001,5840,0,17439.33333,45,652,72,92,28.67082075,38.227761,0,0,1,8192,229,20,1
101981,26,20,8.666666667000001,5840,0,16996.83333,45,527,72,92,29.41724439,39.22299252,0,0,1,8192,229,20,1
118989,26,20,8.666666667000001,11595,0,19831.5,6,49,72,92,25.21241459,33.61655279,0,0,1,8192,229,20,1
272703,26,20,8.666666667000001,7215,0,38957.57143,4,49,72,112,11.00097909,18.33496515,0,0,1,8192,229,20,1
9455784,30,6,6.0,0,0,2363946.0,1,1,100,0,0.528776884,0.0,6,0,0,256,-1,20,1
48232,26,20,8.666666667000001,11595,0,8038.666667,55,128,72,92,62.19936971,82.93249295,0,0,1,8192,229,20,1
515237,26,20,8.666666667000001,8675,0,73605.28571,35,89,72,112,5.822563209,9.704272015,0,0,1,8192,229,20,1
861032,26,20,8.666666667000001,5840,0,123004.5714,4,49,72,112,3.484191064,5.806985106,0,0,1,8192,229,20,1
6288134,24,6,6.0,0,0,2096044.667,299,299,80,0,0.63611876,0.0,6,0,0,256,-1,20,1
3167222,24,6,6.0,0,0,1055740.667,320,320,80,0,1.2629364159999998,0.0,6,0,0,256,-1,20,1
3063925,24,6,6.0,0,0,1021308.333,3,3,80,0,1.305514985,0.0,6,0,0,256,-1,20,1
1048992,24,6,6.0,0,0,349664.0,1,1,80,0,3.813184467,0.0,6,0,0,256,-1,20,1
391248,26,20,8.666666667000001,8760,0,65208.0,54,722,72,92,7.667770826,10.22369443,0,0,1,8192,229,20,1
71714058,56,20,7.0,10135,0,6519459.818,0,0,172,92,0.111554139,0.05577707,0,0,0,256,229,20,1
72530270,56,20,7.0,5840,0,6593660.909,3,3,172,92,0.110298776,0.055149388,0,0,0,256,229,20,1
71950031,56,20,7.0,8760,0,6540911.909,39,220,172,92,0.1111882769999999,0.055594139,0,0,0,256,229,20,1
71965349,56,20,7.0,8760,0,6542304.455,1,1,172,92,0.111164611,0.055582305,0,0,0,256,229,20,1
1215935,26,20,8.666666667000001,4380,0,151991.875,27,427,72,132,2.467237147,4.934474293,0,0,2,8192,229,20,1
1214402,26,20,8.666666667000001,4380,0,134933.5556,14,521,72,152,2.470351663,5.76415388,0,0,2,8192,229,20,1
1165321,26,20,8.666666667000001,5840,0,166474.4286,45,154,72,112,2.574397956,4.290663259,0,0,1,8192,229,20,1
71148319,62,20,6.888888889,4380,0,5082022.786,2,2,192,132,0.126496313,0.084330875,0,0,0,256,229,20,1
71227653,56,20,7.0,8675,0,6475241.182,59,186,172,92,0.112315929,0.056157964,0,0,0,256,229,20,1
48052,26,20,8.666666667000001,5840,0,6006.5,46,217,72,132,62.43236494,124.8647299,0,0,2,8192,229,20,1
71246186,56,20,7.0,11595,0,6476926.0,1,1,172,92,0.112286712,0.056143356,0,0,0,256,229,20,1
1837706,26,20,8.666666667000001,10135,0,262529.4286,1,1,72,112,1.632470047,2.720783411,0,0,1,8192,229,20,1
857100,26,20,8.666666667000001,7215,0,122442.8571,4,48,72,112,3.500175009,5.833625015,0,0,1,8192,229,20,1
108952,26,20,8.666666667000001,7215,0,15564.571430000002,4,17,72,112,27.53506131,45.89176885,0,0,1,8192,229,20,1
109320,26,20,8.666666667000001,5840,0,13665.0,3,3,72,132,27.44237102,54.88474204,0,0,2,8192,229,20,1
1776105,26,20,8.666666667000001,4380,0,222013.125,2,60,72,132,1.6890893269999998,3.378178655,0,0,2,8192,229,20,1
1048363,26,20,8.666666667000001,7215,0,149766.1429,63,63,72,112,2.861604234,4.769340391,0,0,1,8192,229,20,1
71170688,56,20,7.0,4380,0,5474668.307999998,0,0,172,132,0.112405826,0.08430437,0,0,0,256,229,20,1
70212011,56,20,7.0,8760,0,6382910.091,1,1,172,92,0.113940619,0.05697031,0,0,0,256,229,20,1
70307322,62,20,6.888888889,8760,0,5408255.538,1,1,192,112,0.1280094269999999,0.071116348,0,0,0,256,229,20,1
312616,26,20,8.666666667000001,7215,0,44659.42857,4,49,72,112,9.596437802,15.994063,0,0,1,8192,229,20,1
71225628,56,20,7.0,5840,0,5478894.462,1,1,172,132,0.112319122,0.084239341,0,0,0,256,229,20,1
798079,26,20,8.666666667000001,10135,0,133013.1667,65,65,72,92,3.759026362,5.012035149,0,0,1,8192,229,20,1
817817,26,20,8.666666667000001,8760,0,116831.0,39,168,72,112,3.668302322,6.113837202999999,0,0,1,8192,229,20,1
1274722,26,20,8.666666667000001,5840,0,182103.1429,21,65,72,112,2.353454322,3.92242387,0,0,1,8192,229,20,1
107086,26,20,8.666666667000001,5840,0,13385.75,4,84,72,132,28.01486656,56.02973311,0,0,2,8192,229,20,1
1405631,26,20,8.666666667000001,11595,0,234271.8333,1,1,72,92,2.134272793,2.845697057,0,0,1,8192,229,20,1
70540375,62,20,6.888888889,5840,0,5038598.214,1,3,192,132,0.127586506,0.085057671,0,0,0,256,229,20,1
1438608,26,20,8.666666667000001,5840,0,179826.0,46,78,72,132,2.085349171,4.170698342,0,0,2,8192,229,20,1
725318,26,20,8.666666667000001,4380,0,90664.75,15,394,72,132,4.136116848,8.272233696,0,0,2,8192,229,20,1
293175,26,20,8.666666667000001,11595,0,48862.5,3,3,72,92,10.23279611,13.64372815,0,0,1,8192,229,20,1
182,64,32,32.0,81,81,60.66666667,0,1,80,80,10989.01099,10989.01099,32,0,1,-1,-1,40,0
256,64,32,32.0,129,129,85.33333333,1,1,64,64,7812.5,7812.5,32,0,1,-1,-1,32,0
285,64,32,32.0,129,129,95.0,1,1,40,40,7017.54386,7017.54386,32,0,1,-1,-1,20,0
251,64,32,32.0,102,102,83.66666667,48,48,40,40,7968.127490000003,7968.127490000003,32,0,1,-1,-1,20,0
311,0,0,0.0,0,0,311.0,311,311,64,0,6430.868167000001,0.0,0,0,0,30016,-1,32,0
183,12,6,6.0,0,0,183.0,183,183,40,0,10928.96175,0.0,6,0,0,64209,-1,20,0
20897,12,6,6.0,0,0,20897.0,20897,20897,40,0,95.70751783,0.0,6,0,0,254,-1,20,0
23847,6,6,6.0,6,6,23847.0,23847,0,20,20,41.93399589,41.93399589,6,1,1,252,64,20,0
115491696,1012,630,46.0,1418,0,2961325.538,3,3,712,584,0.190489886,0.155855361,0,0,0,29200,358,32,0
5315648,6,6,6.0,6,6,885941.3333,1,0,20,120,0.188123819,1.128742911,6,1,6,229,0,20,0
2040644,6,6,6.0,6,6,340107.3333,3,0,20,120,0.490041379,2.940248275,6,1,6,229,0,20,0
12878245,6,6,6.0,6,6,2575649.0,3,0,20,100,0.077650332,0.38825166,6,1,5,229,0,20,0
12882291,6,6,6.0,6,6,2147048.5,3,0,20,120,0.077625944,0.4657556639999999,6,1,6,229,0,20,0
10142213,1375,1375,1375.0,6,0,1690368.833,4,0,20,132,0.098597811,0.591586866,0,1,6,229,0,20,0
10143225,6,6,6.0,6,6,1690537.5,0,0,20,120,0.098587974,0.5915278420000001,6,1,6,229,0,20,0
8151259,6,6,6.0,6,6,1358543.167,1,0,20,120,0.122680435,0.73608261,6,1,6,229,0,20,0
1177065,11601,7215,2900.25,20,0,196177.5,0,164,92,72,3.3982830180000003,2.548712263,0,0,0,29200,256,20,0
2074258,6,6,6.0,6,6,414851.6,1,0,20,100,0.482100105,2.410500526,6,1,5,229,0,20,0
71263378,11607,4380,1658.142857,20,0,4750891.867,0,17,152,192,0.098227171,0.126292077,0,1,1,229,256,20,0
58213,1375,1375,1375.0,6,0,11642.6,3,0,20,112,17.17829351,85.89146754,0,1,5,229,0,20,0
977940,6,6,6.0,6,6,195588.0,3,0,20,100,1.022557621,5.112788106,6,1,5,229,0,20,0
979890,6,6,6.0,6,6,163315.0,4,0,20,120,1.020522712,6.12313627,6,1,6,229,0,20,0
984937,6,6,6.0,6,6,196987.4,3,0,20,100,1.015293364,5.07646682,6,1,5,229,0,20,0
71053459,12982,11595,2596.4,20,0,5465650.692000002,1,187,112,204,0.070369551,0.1266651919999999,0,1,1,229,256,20,0
9214592,6,6,6.0,6,6,1535765.333,234,0,20,120,0.108523524,0.651141147,6,1,6,229,0,20,0
6605544,6,6,6.0,6,6,1100924.0,3,0,20,120,0.151387986,0.908327914,6,1,6,229,0,20,0
4854671,1375,1375,1375.0,6,0,970934.2,1,0,20,112,0.205987182,1.029935911,0,1,5,229,0,20,0
70725406,11607,5840,1658.142857,20,0,4715027.067,1,9,152,192,0.098974335,0.127252716,0,1,1,229,256,20,0
7384281,6,6,6.0,6,6,1476856.2,6,0,20,100,0.135422799,0.677113994,6,1,5,229,0,20,0
3370184,1375,1375,1375.0,6,0,674036.8,0,0,20,112,0.296719704,1.483598522,0,1,5,229,0,20,0
78,0,0,0.0,0,0,39.0,30,0,32,64,12820.51282,25641.02564,0,1,2,243,290,32,0
57,6,6,6.0,6,6,57.0,57,0,20,20,17543.85965,17543.85965,6,1,1,115,254,20,0
82,6,6,6.0,6,6,82.0,82,0,20,20,12195.12195,12195.12195,6,1,1,123,251,20,0
841114,26,20,8.666666667000001,7300,0,120159.1429,4,4,72,112,3.56669845,5.944497417000001,0,0,1,8192,229,20,1
1920915,30,6,6.0,0,0,480228.75,1,1,100,0,2.60292621,0.0,6,0,0,256,-1,20,1
929690,20,20,10.0,8760,0,185938.0,35,4736,52,92,2.151254719,4.302509439,0,0,2,8192,229,20,1
8178479,30,6,6.0,0,0,2044619.75,226,226,100,0,0.611360621,0.0,6,0,0,256,-1,20,1
4063937,30,6,6.0,0,0,1015984.25,1,1,100,0,1.230334033,0.0,6,0,0,256,-1,20,1
778115,30,6,6.0,0,0,194528.75,163,163,100,0,6.425785392000001,0.0,6,0,0,256,-1,20,1
52334,26,20,8.666666667000001,11595,0,8722.333333,5,182,72,92,57.32411052,76.43214736,0,0,1,8192,229,20,1
5771865,30,6,6.0,0,0,1442966.25,3,3,100,0,0.8662711270000001,0.0,6,0,0,256,-1,20,1
903359,26,20,8.666666667000001,4380,0,129051.2857,20,52,72,112,3.320938852,5.534898086,0,0,1,8192,229,20,1
47528,20,20,10.0,4380,0,7921.333333,15,8988,52,112,42.08045784,105.2011446,0,0,2,8192,229,20,1
29012,24,6,6.0,0,0,9670.666667,4,4,80,0,137.8739832,0.0,6,0,0,256,-1,20,1
1000333,26,20,8.666666667000001,4380,0,125041.625,55,985,72,132,2.9990013330000003,5.998002665,0,0,2,8192,229,20,1
1012341,26,20,8.666666667000001,10135,0,144620.1429,4,49,72,112,2.963428331,4.939047218,0,0,1,8192,229,20,1
6612258,24,6,6.0,0,0,2204086.0,2,2,80,0,0.604937073,0.0,6,0,0,256,-1,20,1
666980,26,20,8.666666667000001,8675,0,95282.85714,5,74,72,112,4.497885994,7.496476656,0,0,1,8192,229,20,1
3573931,30,6,6.0,0,0,893482.75,3,3,100,0,1.399019735,0.0,6,0,0,256,-1,20,1
2623939,24,6,6.0,0,0,874646.3333,3,3,80,0,1.524425682,0.0,6,0,0,256,-1,20,1
547399,24,6,6.0,0,0,182466.3333,3,3,80,0,7.307284083,0.0,6,0,0,256,-1,20,1
991229,26,20,8.666666667000001,5840,0,123903.625,3,3,72,132,3.026545834,6.053091667,0,0,2,8192,229,20,1
8601784,24,6,6.0,0,0,2867261.333,994,994,80,0,0.465019814,0.0,6,0,0,256,-1,20,1
790425,26,20,8.666666667000001,5755,0,98803.125,2,66,72,132,3.795426511,7.590853022,0,0,2,8192,229,20,1
10266733,24,6,6.0,0,0,3422244.333,3,3,80,0,0.389607872,0.0,6,0,0,256,-1,20,1
403301,26,20,8.666666667000001,10135,0,57614.42857,12,209,72,112,7.438612847000001,12.39768808,0,0,1,8192,229,20,1
4241928,30,6,6.0,0,0,1060482.0,1,1,100,0,1.178709304,0.0,6,0,0,256,-1,20,1
1184740,26,20,8.666666667000001,4380,0,148092.5,18,98,72,132,2.5322011580000003,5.064402316000001,0,0,2,8192,229,20,1
4644899,24,6,6.0,0,0,1548299.667,1,1,80,0,0.861159737,0.0,6,0,0,256,-1,20,1
30227,24,6,6.0,0,0,10075.66667,235,235,80,0,132.332021,0.0,6,0,0,256,-1,20,1
10114745,24,6,6.0,0,0,3371581.667,4,4,80,0,0.3954622679999999,0.0,6,0,0,256,-1,20,1
12043757,24,6,6.0,0,0,4014585.667,4,4,80,0,0.3321222769999999,0.0,6,0,0,256,-1,20,1
10045748,24,6,6.0,0,0,3348582.667,3,3,80,0,0.3981784129999999,0.0,6,0,0,256,-1,20,1
9774188,24,6,6.0,0,0,3258062.667,317,317,80,0,0.409241156,0.0,6,0,0,256,-1,20,1
3020950,24,6,6.0,0,0,1006983.333,995,995,80,0,1.324086794,0.0,6,0,0,256,-1,20,1
3016926,24,6,6.0,0,0,1005642.0,3,3,80,0,1.325852871,0.0,6,0,0,256,-1,20,1
2962993,24,6,6.0,0,0,987664.3333,1,1,80,0,1.349986315,0.0,6,0,0,256,-1,20,1
2106956,30,6,6.0,0,0,526739.0,0,0,100,0,2.373091797,0.0,6,0,0,256,-1,20,1
6906773,24,6,6.0,0,0,2302257.667,3,3,80,0,0.5791416629999999,0.0,6,0,0,256,-1,20,1
6708902,30,6,6.0,0,0,1677225.5,765,765,100,0,0.7452784379999999,0.0,6,0,0,256,-1,20,1
7813638,56,20,7.0,7215,0,710330.7273,1,1,172,92,1.023850862,0.511925431,0,0,0,256,229,20,1
1421707,26,20,8.666666667000001,5840,0,177713.375,3,116,72,132,2.110139431,4.220278862,0,0,2,8192,229,20,1
71065479,56,20,7.0,8760,0,6460498.091,1,1,172,92,0.112572238,0.056286119,0,0,0,256,229,20,1
1075075,26,20,8.666666667000001,5840,0,153582.1429,1,1,72,112,2.790502988,4.650838314,0,0,1,8192,229,20,1
1075085,26,20,8.666666667000001,7300,0,153583.5714,6,51,72,112,2.790477032,4.650795053,0,0,1,8192,229,20,1
788423,26,20,8.666666667000001,5840,0,98552.875,2,2,72,132,3.805064033,7.6101280660000015,0,0,2,8192,229,20,1
648845,26,20,8.666666667000001,11595,0,108140.8333,12,18,72,92,4.623600398,6.16480053,0,0,1,8192,229,20,1
633677,26,20,8.666666667000001,5840,0,79209.625,3,3,72,132,4.734273139,9.468546278,0,0,2,8192,229,20,1
1505329,26,20,8.666666667000001,7300,0,215047.0,33,33,72,112,1.99291982,3.321533034,0,0,1,8192,229,20,1
882388,26,20,8.666666667000001,5840,0,110298.5,3,48,72,132,3.399864912,6.799729824,0,0,2,8192,229,20,1
72679880,56,20,7.0,4380,0,6056656.667,1,1,172,112,0.110071728,0.06879483,0,0,0,256,229,20,1
1800152,26,20,8.666666667000001,5840,0,257164.5714,4,48,72,112,1.6665259380000002,2.77754323,0,0,1,8192,229,20,1
32656,26,20,8.666666667000001,5840,0,4665.142857,2,2,72,112,91.86673199,153.11122,0,0,1,8192,229,20,1
995749,26,20,8.666666667000001,8760,0,165958.1667,8,85,72,92,3.012807444,4.0170765930000005,0,0,1,8192,229,20,1
1510875,26,20,8.666666667000001,4380,0,188859.375,3,75,72,132,1.985604368,3.971208737,0,0,2,8192,229,20,1
34295,26,20,8.666666667000001,8760,0,5715.833333,55,228,72,92,87.4763085,116.635078,0,0,1,8192,229,20,1
71745419,56,20,7.0,5840,0,5124672.786,1,1,172,152,0.1115053769999999,0.097567205,0,0,0,256,229,20,1
887812,26,20,8.666666667000001,7215,0,126830.2857,3,49,72,112,3.379093772,5.631822954,0,0,1,8192,229,20,1
1004023,26,20,8.666666667000001,11595,0,167337.1667,2,147,72,92,2.987979359,3.983972479,0,0,1,8192,229,20,1
80187907,56,20,7.0,7300,0,6682325.583,3,4,172,112,0.0997656669999999,0.062353542,0,0,0,256,229,20,1
73010196,56,20,7.0,8760,0,6637290.545,2,2,172,92,0.1095737369999999,0.0547868679999999,0,0,0,256,229,20,1
446282,26,20,8.666666667000001,10135,0,74380.33333,91,452,72,92,6.722207035,8.962942713,0,0,1,8192,229,20,1
734025,26,20,8.666666667000001,5840,0,91753.125,4,4,72,132,4.087054256,8.174108511,0,0,2,8192,229,20,1
73291429,62,20,6.888888889,4380,0,5235102.071,0,0,192,132,0.1227974419999999,0.081864961,0,0,0,256,229,20,1
1211836,26,20,8.666666667000001,7300,0,173119.4286,2,20,72,112,2.475582505,4.125970841,0,0,1,8192,229,20,1
70958,180,45,45.0,142,142,10136.85714,3,3,80,80,56.37137462,56.37137462,45,0,1,-1,-1,20,0
139,12,6,6.0,0,0,139.0,139,139,40,0,14388.48921,0.0,6,0,0,256,-1,20,0
3,12,6,6.0,0,0,3.0,3,3,40,0,666666.6667,0.0,6,0,0,0,-1,20,0
115937784,1704,501,68.16,1460,0,2576395.2,3,3,520,432,0.215632895,0.181131632,0,0,0,29200,5120,20,0
118112657,870,435,48.33333333,746,0,3691020.531,46,56737,584,488,0.152396876,0.1269973969999999,0,0,0,29200,349,32,0
72045,72,36,36.0,143,143,24015.0,3,3,80,80,27.76042751,27.76042751,36,0,1,-1,-1,40,0
70446,60,30,30.0,208,208,23482.0,4,48,64,80,28.39054027,28.39054027,30,0,1,-1,-1,32,0
53706,68,34,34.0,113,113,17902.0,1,1,80,40,37.23978699,37.23978699,34,0,1,-1,-1,40,0
5441366,0,0,0.0,0,0,1088273.2,60,24208,136,80,0.735109529,0.367554765,0,0,0,29200,28960,32,0
5023,0,0,0.0,0,0,5023.0,5023,5023,64,0,398.1684252,0.0,0,0,0,237,-1,32,0
117476505,2185,437,91.04166667,796,0,2865280.61,16,113,776,584,0.20429617,0.1532221269999999,0,0,0,29200,294,32,0
1010986,0,0,0.0,6,6,202197.2,517,500660,92,60,2.967400142,2.967400142,0,0,1,8192,0,28,0
11521870,6,6,6.0,6,6,2304374.0,1,0,20,100,0.086791467,0.433957335,6,1,5,229,0,20,0
10766647,6,6,6.0,6,6,2153329.4,0,0,20,100,0.0928794269999999,0.4643971329999999,6,1,5,229,0,20,0
70864629,11613,4380,1659.0,20,0,4724308.6,1,31,152,192,0.098779886,0.127002711,0,1,1,229,256,20,0
71384876,11613,5840,1659.0,20,0,4461554.75,1,48,152,212,0.0980599869999999,0.140085695,0,1,1,229,256,20,0
6761770,6,6,6.0,6,6,1126961.667,3,0,20,120,0.147890271,0.8873416279999999,6,1,6,229,0,20,0
936338,6,6,6.0,6,6,187267.6,3,0,20,100,1.067990405,5.339952026000001,6,1,5,229,0,20,0
5108431,6,6,6.0,6,6,1021686.2,3,0,20,100,0.195754822,0.978774109,6,1,5,229,0,20,0
5075362,6,6,6.0,6,6,845893.6667,1,0,20,120,0.197030281,1.182181685,6,1,6,229,0,20,0
5103452,6,6,6.0,6,6,1020690.4,183,0,20,100,0.195945803,0.979729015,6,1,5,229,0,20,0
4027340,1375,1375,1375.0,6,0,805468.0,4,0,20,112,0.24830285,1.24151425,0,1,5,229,0,20,0
1070106,6,6,6.0,6,6,214021.2,3,0,20,100,0.934486864,4.67243432,6,1,5,229,0,20,0
7470713,6,6,6.0,6,6,1245118.833,0,0,20,120,0.1338560319999999,0.8031361929999999,6,1,6,229,0,20,0
2564952,1375,1375,1375.0,6,0,427492.0,3,0,20,132,0.389870844,2.339225062,0,1,6,229,0,20,0
73384484,11613,5840,1659.0,20,0,4892298.933,1,3,152,192,0.095388011,0.122641729,0,1,1,229,256,20,0
1225511,6,6,6.0,6,6,204251.8333,1,0,20,120,0.815986148,4.895916887,6,1,6,229,0,20,0
1338017,24,6,6.0,0,0,446005.6667,1,1,80,0,2.989498639,0.0,6,0,0,256,-1,20,1
842024,30,6,6.0,0,0,210506.0,4,4,100,0,5.938073024,0.0,6,0,0,256,-1,20,1
9360757,30,6,6.0,0,0,2340189.25,1,1,100,0,0.534144835,0.0,6,0,0,256,-1,20,1
582462,26,20,8.666666667000001,4380,0,64718.0,2,221,72,152,5.150550593999999,12.01795139,0,0,2,8192,229,20,1
1275738,26,20,8.666666667000001,11595,0,212623.0,4,151,72,92,2.351580027,3.135440035,0,0,1,8192,229,20,1
1168453,26,20,8.666666667000001,11595,0,194742.1667,4,4,72,92,2.567497366,3.423329822,0,0,1,8192,229,20,1
39788,26,20,8.666666667000001,8760,0,6631.333333,111,268,72,92,75.39961798,100.532824,0,0,1,8192,229,20,1
98335,26,20,8.666666667000001,4380,0,12291.875,67,167,72,132,30.50795749,61.01591498,0,0,2,8192,229,20,1
1331994,26,20,8.666666667000001,7215,0,190284.8571,3,58,72,112,2.252262398,3.753770663,0,0,1,8192,229,20,1
11466712,30,6,6.0,0,0,2866678.0,4,4,100,0,0.4360447879999999,0.0,6,0,0,256,-1,20,1
5944002,24,6,6.0,0,0,1981334.0,0,0,80,0,0.672947284,0.0,6,0,0,256,-1,20,1
153824,26,20,8.666666667000001,5840,0,19228.0,3,192,72,132,19.5028084,39.00561681,0,0,2,8192,229,20,1
2203017,30,6,6.0,0,0,550754.25,1,1,100,0,2.269614806,0.0,6,0,0,256,-1,20,1
10128777,24,6,6.0,0,0,3376259.0,1,1,80,0,0.394914411,0.0,6,0,0,256,-1,20,1
86677,26,20,8.666666667000001,10135,0,12382.42857,49,144,72,112,34.61125789,57.68542981,0,0,1,8192,229,20,1
1814249,26,20,8.666666667000001,4380,0,226781.125,3,49,72,132,1.653576769,3.307153538,0,0,2,8192,229,20,1
55815,26,20,8.666666667000001,4380,0,6976.875,15,97,72,132,53.74899221,107.4979844,0,0,2,8192,229,20,1
11288720,30,6,6.0,0,0,2822180.0,0,0,100,0,0.442920012,0.0,6,0,0,256,-1,20,1
7281825,24,6,6.0,0,0,2427275.0,3,3,80,0,0.549312844,0.0,6,0,0,256,-1,20,1
38574,26,20,8.666666667000001,7215,0,4821.75,45,113,72,132,77.77259294,155.5451859,0,0,2,8192,229,20,1
3535218,24,6,6.0,0,0,1178406.0,355,355,80,0,1.131471949,0.0,6,0,0,256,-1,20,1
3406920,30,6,6.0,0,0,851730.0,999,999,100,0,1.467601235,0.0,6,0,0,256,-1,20,1
2011973,36,6,6.0,0,0,402394.6,3,3,120,0,2.982147375,0.0,6,0,0,256,-1,20,1
8662777,30,6,6.0,0,0,2165694.25,981,981,100,0,0.577182121,0.0,6,0,0,256,-1,20,1
11267995,24,6,6.0,0,0,3755998.333,216,216,80,0,0.3549877329999999,0.0,6,0,0,256,-1,20,1
8950782,24,6,6.0,0,0,2983594.0,213,213,80,0,0.4468883279999999,0.0,6,0,0,256,-1,20,1
5314900,30,6,6.0,0,0,1328725.0,1,1,100,0,0.940751472,0.0,6,0,0,256,-1,20,1
3315933,30,6,6.0,0,0,828983.25,1,1,100,0,1.507871239,0.0,6,0,0,256,-1,20,1
7963951,50,20,7.142857143,5840,0,723995.5455,3,3,152,112,0.8789607070000001,0.627829076,0,0,0,256,229,20,1
7639278,56,20,7.0,4380,0,587636.7692,2,133,172,132,1.047219384,0.7854145379999999,0,0,0,256,229,20,1
8731763,30,6,6.0,0,0,2182940.75,1,1,100,0,0.5726220470000001,0.0,6,0,0,256,-1,20,1
5466975,24,6,6.0,0,0,1822325.0,339,339,80,0,0.7316660490000001,0.0,6,0,0,256,-1,20,1
8132804,30,6,6.0,0,0,2033201.0,1,1,100,0,0.61479411,0.0,6,0,0,256,-1,20,1
4652911,30,6,6.0,0,0,1163227.75,1,1,100,0,1.074596097,0.0,6,0,0,256,-1,20,1
720966,26,20,8.666666667000001,8675,0,120161.0,84,979,72,92,4.161083879,5.548111839,0,0,1,8192,229,20,1
547603,26,20,8.666666667000001,11595,0,91267.16667,14,100,72,92,5.478421411,7.304561882000001,0,0,1,8192,229,20,1
74315330,56,20,7.0,5840,0,6192944.167,1,1,172,112,0.107649391,0.067280869,0,0,0,256,229,20,1
74310424,56,20,7.0,10135,0,6192535.333,3,3,172,112,0.107656498,0.067285311,0,0,0,256,229,20,1
365051,26,20,8.666666667000001,5840,0,52150.14286,90,238,72,112,8.21802981,13.69671635,0,0,1,8192,229,20,1
1271752,26,20,8.666666667000001,10135,0,181678.8571,5,48,72,112,2.358950487,3.931584145,0,0,1,8192,229,20,1
560638,26,20,8.666666667000001,11595,0,93439.66667,5,97,72,92,5.351046486,7.134728647999999,0,0,1,8192,229,20,1
56758,26,20,8.666666667000001,7300,0,8108.285714,26,536,72,112,52.85598506,88.09330843,0,0,1,8192,229,20,1
1296158,26,20,8.666666667000001,4380,0,162019.75,17,35,72,132,2.314532642,4.629065284,0,0,2,8192,229,20,1
133295,26,20,8.666666667000001,5755,0,16661.875,4,48,72,132,22.50647061,45.01294122,0,0,2,8192,229,20,1
73635836,56,20,7.0,8760,0,6694166.909,4,4,172,92,0.108642754,0.054321377,0,0,0,256,229,20,1
20200,26,20,8.666666667000001,7300,0,2885.714286,187,963,72,112,148.5148515,247.5247525,0,0,1,8192,229,20,1
1408840,26,20,8.666666667000001,5840,0,201262.8571,72,125,72,112,2.129411431,3.549019051,0,0,1,8192,229,20,1
75546244,62,20,6.888888889,8760,0,6295520.333,1,1,192,92,0.119132329,0.052947702,0,0,0,256,229,20,1
1752901,26,20,8.666666667000001,7300,0,250414.4286,3,3,72,112,1.711448621,2.852414369,0,0,1,8192,229,20,1
74204777,56,20,7.0,7215,0,6745888.818,1,1,172,92,0.107809771,0.053904885,0,0,0,256,229,20,1
1411880,26,20,8.666666667000001,5840,0,201697.1429,2,2,72,112,2.124826473,3.541377454,0,0,1,8192,229,20,1
97866,26,20,8.666666667000001,5840,0,12233.25,20,20,72,132,30.65415977,61.30831954,0,0,2,8192,229,20,1
73853525,56,20,7.0,10135,0,6154460.417,4,159,172,112,0.1083225209999999,0.067701576,0,0,0,256,229,20,1
90457,26,20,8.666666667000001,5755,0,11307.125,3,17,72,132,33.16492919,66.32985839,0,0,2,8192,229,20,1
50083,26,20,8.666666667000001,4380,0,6260.375,17,48,72,132,59.90056506,119.8011301,0,0,2,8192,229,20,1
101739,26,20,8.666666667000001,4380,0,12717.375,16,480,72,132,29.48721729,58.97443458,0,0,2,8192,229,20,1
74385055,56,20,7.0,5840,0,6198754.583,1,1,172,112,0.107548485,0.0672178029999999,0,0,0,256,229,20,1
1293717,26,20,8.666666667000001,11595,0,215619.5,6,65,72,92,2.3188997280000003,3.091866305,0,0,1,8192,229,20,1
75911111,56,20,7.0,5840,0,5839316.2310000025,38,169,172,132,0.105386417,0.079039813,0,0,0,256,229,20,1
1488475,26,20,8.666666667000001,4380,0,186059.375,37,49,72,132,2.0154856480000003,4.0309712960000015,0,0,2,8192,229,20,1
27,6,6,6.0,6,6,27.0,27,0,20,20,37037.03704,37037.03704,6,1,1,946,255,20,0
6193026,0,0,0.0,0,0,1238605.2,21,66177,136,80,0.64588781,0.322943905,0,0,0,29200,65535,32,0
6943141,435,435,36.25,2896,0,289297.5417,1,1,416,432,1.7283244,1.872351433,0,0,1,29200,676,32,0
295,64,32,32.0,129,129,98.33333333,1,14,40,40,6779.661017,6779.661017,32,0,1,-1,-1,20,0
204,64,32,32.0,102,102,68.0,3,3,64,64,9803.921569,9803.921569,32,0,1,-1,-1,32,0
186,64,32,32.0,102,102,62.0,3,3,40,40,10752.68817,10752.68817,32,0,1,-1,-1,20,0
213,64,32,32.0,102,102,71.0,48,48,40,40,9389.671362,9389.671362,32,0,1,-1,-1,20,0
233,64,32,32.0,102,102,77.66666667,48,48,40,40,8583.690987,8583.690987,32,0,1,-1,-1,20,0
340,64,32,32.0,102,102,113.3333333,1,1,40,40,5882.352940999999,5882.352940999999,32,0,1,-1,-1,20,0
203,64,32,32.0,102,102,67.66666667,3,3,64,64,9852.216749,9852.216749,32,0,1,-1,-1,32,0
122,0,0,0.0,0,0,61.0,3,3,96,0,24590.16393,0.0,0,0,0,31856,-1,32,0
172,0,0,0.0,0,0,172.0,172,172,64,0,11627.90698,0.0,0,0,0,30016,-1,32,0
110148277,7852,517,54.15172414,1460,0,292170.49600000004,2,172,2912,4792,1.316407337,2.11533041,0,0,1,8192,47,20,0
204,76,38,38.0,66,66,68.0,49,49,40,40,9803.921569,9803.921569,38,0,1,-1,-1,20,0
186,74,37,37.0,77,77,62.0,1,4,40,40,10752.68817,10752.68817,37,0,1,-1,-1,20,0
223,94,47,47.0,175,175,74.33333333,3,3,64,64,8968.609865,8968.609865,47,0,1,-1,-1,32,0
88118,140,35,35.0,82,82,12588.28571,3,3,80,104,45.39367666,45.39367666,35,0,1,-1,-1,20,0
86793,0,0,0.0,0,0,86793.0,86793,0,32,32,11.52166649,11.52166649,0,1,1,237,128,32,0
50499,50,50,50.0,102,102,50499.0,50499,0,20,20,19.80237232,19.80237232,50,0,1,-1,-1,20,0
237452,6,6,6.0,6,6,47490.4,1,0,20,100,4.211377457,21.05688729,6,1,5,229,0,20,0
72660489,11607,5840,1658.142857,20,0,4844032.6,1,14,152,192,0.096338465,0.123863741,0,1,1,229,256,20,0
73624233,11613,5755,1659.0,20,0,4908282.2,3,3,152,192,0.095077391,0.12224236,0,1,1,229,256,20,0
11366833,6,6,6.0,6,6,2273366.6,0,0,20,100,0.0879752519999999,0.439876261,6,1,5,229,0,20,0
7476760,12976,8675,2595.2,20,0,623063.3333,1,193,112,184,0.668738865,1.069982185,0,1,1,229,256,20,0
5441798,6,6,6.0,6,6,1088359.6,0,0,20,100,0.183762793,0.918813966,6,1,5,229,0,20,0
9839391,6,6,6.0,6,6,1639898.5,1,0,20,120,0.1016323059999999,0.609793838,6,1,6,229,0,20,0
1830225,6,6,6.0,6,6,366045.0,4,0,20,100,0.546380909,2.731904547,6,1,5,229,0,20,0
8086604,6,6,6.0,6,6,1347767.333,97,0,20,120,0.123661305,0.7419678270000001,6,1,6,229,0,20,0
6050064,6,6,6.0,6,6,1512516.0,361,0,20,80,0.165287508,0.661150031,6,1,4,229,0,20,0
75544599,11613,10135,1935.5,20,0,5036306.6,3,5,132,212,0.079423282,0.132372137,0,1,1,229,256,20,0
7353959,6,6,6.0,6,6,1470791.8,4,0,20,100,0.1359811769999999,0.679905885,6,1,5,229,0,20,0
1805038,6,6,6.0,6,6,361007.6,1,0,20,100,0.5540049570000001,2.770024786,6,1,5,229,0,20,0
9276782,6,6,6.0,6,6,2319195.5,218,0,20,80,0.107796001,0.431184003,6,1,4,229,0,20,0
7463724,6,6,6.0,6,6,1492744.8,0,0,20,100,0.133981374,0.669906872,6,1,5,229,0,20,0
6568578,1375,1375,1375.0,6,0,1094763.0,1,0,20,132,0.1522399519999999,0.913439713,0,1,6,229,0,20,0
118381888,1496,827,93.5,1430,0,3818770.581,1,35,332,332,0.13515581,0.13515581,0,0,1,8192,364,20,0
134,88,44,44.0,60,60,44.66666667,1,3,40,40,14925.373130000002,14925.373130000002,44,0,1,-1,-1,20,0
23932,58,29,29.0,113,113,7977.333333,3,3,40,40,83.57011533,83.57011533,29,0,1,-1,-1,20,0
90,6,6,6.0,6,6,90.0,90,0,20,20,11111.11111,11111.11111,6,1,1,119,16360,20,0
1740367,26,20,8.666666667000001,5840,0,248623.8571,3,137,72,112,1.723774353,2.8729572560000003,0,0,1,8192,229,20,1
4582893,24,6,6.0,0,0,1527631.0,1,1,80,0,0.872811126,0.0,6,0,0,256,-1,20,1
4043690,24,6,6.0,0,0,1347896.667,258,258,80,0,0.989195512,0.0,6,0,0,256,-1,20,1
588731,26,20,8.666666667000001,7215,0,84104.42857,4,4,72,112,5.095705849,8.492843081,0,0,1,8192,229,20,1
8141809,30,6,6.0,0,0,2035452.25,4,4,100,0,0.614114136,0.0,6,0,0,256,-1,20,1
816858,26,20,8.666666667000001,5840,0,102107.25,4,123,72,132,3.672608948,7.345217896,0,0,2,8192,229,20,1
827161,26,20,8.666666667000001,5840,0,103395.125,12,180,72,132,3.626863452,7.253726904,0,0,2,8192,229,20,1
4120888,24,6,6.0,0,0,1373629.333,274,274,80,0,0.970664575,0.0,6,0,0,256,-1,20,1
3992531,24,6,6.0,0,0,1330843.667,220,220,80,0,1.001870743,0.0,6,0,0,256,-1,20,1
202034,26,20,8.666666667000001,7215,0,28862.0,4,47,72,112,14.84898581,24.74830969,0,0,1,8192,229,20,1
5413872,30,6,6.0,0,0,1353468.0,3,3,100,0,0.92355342,0.0,6,0,0,256,-1,20,1
3515105,24,6,6.0,0,0,1171701.667,49,49,80,0,1.137946093,0.0,6,0,0,256,-1,20,1
1514977,26,20,8.666666667000001,10135,0,216425.2857,4,97,72,112,1.980228083,3.300380138,0,0,1,8192,229,20,1
9139779,30,6,6.0,0,0,2284944.75,1,1,100,0,0.547059179,0.0,6,0,0,256,-1,20,1
7754172,24,6,6.0,0,0,2584724.0,370,370,80,0,0.5158513379999999,0.0,6,0,0,256,-1,20,1
60213,26,20,8.666666667000001,2920,0,7526.625,6,6,72,132,49.8231279,99.64625579,0,0,2,8192,229,20,1
1323990,24,6,6.0,0,0,441330.0,999,999,80,0,3.021170855,0.0,6,0,0,256,-1,20,1
1122001,30,6,6.0,0,0,280500.25,0,0,100,0,4.456324014,0.0,6,0,0,256,-1,20,1
1846184,26,20,8.666666667000001,5840,0,230773.0,14,394,72,132,1.624973459,3.249946918,0,0,2,8192,229,20,1
1521396,26,20,8.666666667000001,11595,0,253566.0,5,202,72,92,1.971873201,2.629164268,0,0,1,8192,229,20,1
8009796,30,6,6.0,0,0,2002449.0,3,3,100,0,0.624235623,0.0,6,0,0,256,-1,20,1
6074729,24,6,6.0,0,0,2024909.667,1,1,80,0,0.658465588,0.0,6,0,0,256,-1,20,1
52588,26,20,8.666666667000001,5840,0,7512.571429,3,99,72,112,57.04723511,95.07872518,0,0,1,8192,229,20,1
34838,26,20,8.666666667000001,8760,0,5806.333333,4,4,72,92,86.11286526,114.8171537,0,0,1,8192,229,20,1
2015907,24,6,6.0,0,0,671969.0,285,285,80,0,1.984218518,0.0,6,0,0,256,-1,20,1
448477,26,20,8.666666667000001,4380,0,64068.14286,49,132,72,112,6.689306252000001,11.14884375,0,0,1,8192,229,20,1
1432125,26,20,8.666666667000001,4380,0,179015.625,18,606,72,132,2.094789212,4.189578424,0,0,2,8192,229,20,1
9264896,30,6,6.0,0,0,2316224.0,3,3,100,0,0.539671465,0.0,6,0,0,256,-1,20,1
2136958,24,6,6.0,0,0,712319.3333,314,314,80,0,1.871819661,0.0,6,0,0,256,-1,20,1
21410434,30,6,6.0,0,0,5352608.5,17,17,100,0,0.233530997,0.0,6,0,0,256,-1,20,1
11420685,24,6,6.0,0,0,3806895.0,987,987,80,0,0.3502416889999999,0.0,6,0,0,256,-1,20,1
2086839,24,6,6.0,0,0,695613.0,333,333,80,0,1.916774605,0.0,6,0,0,256,-1,20,1
6709770,50,20,7.142857143,4380,0,559147.5,1,1,152,132,1.043254836,0.894218431,0,0,0,256,229,20,1
9120123,30,6,6.0,0,0,2280030.75,215,215,100,0,0.54823822,0.0,6,0,0,256,-1,20,1
8721810,30,6,6.0,0,0,2180452.5,1,1,100,0,0.573275501,0.0,6,0,0,256,-1,20,1
8403772,30,6,6.0,0,0,2100943.0,4,4,100,0,0.594970925,0.0,6,0,0,256,-1,20,1
2698955,24,6,6.0,0,0,899651.6667,1,1,80,0,1.482055092,0.0,6,0,0,256,-1,20,1
11049704,30,6,6.0,0,0,2762426.0,1,1,100,0,0.452500809,0.0,6,0,0,256,-1,20,1
10031698,30,6,6.0,0,0,2507924.5,4,4,100,0,0.498420108,0.0,6,0,0,256,-1,20,1
9249748,24,6,6.0,0,0,3083249.333,1,1,80,0,0.432444214,0.0,6,0,0,256,-1,20,1
8891343,30,6,6.0,0,0,2222835.75,263,263,100,0,0.562344744,0.0,6,0,0,256,-1,20,1
7052826,36,6,6.0,0,0,1410565.2,1,1,120,0,0.8507228170000001,0.0,6,0,0,256,-1,20,1
7052694,30,6,6.0,0,0,1763173.5,1,1,100,0,0.708948949,0.0,6,0,0,256,-1,20,1
6014842,30,6,6.0,0,0,1503710.5,0,0,100,0,0.8312770309999999,0.0,6,0,0,256,-1,20,1
11415898,24,6,6.0,0,0,3805299.333,1,1,80,0,0.350388555,0.0,6,0,0,256,-1,20,1
8045858,30,6,6.0,0,0,2011464.5,1,1,100,0,0.621437763,0.0,6,0,0,256,-1,20,1
5442873,30,6,6.0,0,0,1360718.25,1,1,100,0,0.918632494,0.0,6,0,0,256,-1,20,1
3394273,30,6,6.0,0,0,848568.25,124,124,100,0,1.473069491,0.0,6,0,0,256,-1,20,1
74961067,56,20,7.0,4380,0,5766235.923,1,1,172,132,0.1067220669999999,0.08004155,0,0,0,256,229,20,1
1449695,26,20,8.666666667000001,5840,0,207099.2857,4,49,72,112,2.069400805,3.449001342,0,0,1,8192,229,20,1
75746662,56,20,7.0,2920,0,5826666.307999997,1,1,172,132,0.105615215,0.079211411,0,0,0,256,229,20,1
75792594,56,20,7.0,5840,0,6316049.5,2,2,172,112,0.10555121,0.065969506,0,0,0,256,229,20,1
1313900,26,20,8.666666667000001,5840,0,187700.0,3,48,72,112,2.283278788,3.805464647,0,0,1,8192,229,20,1
658773,26,20,8.666666667000001,7300,0,94110.42857,3,3,72,112,4.553920698,7.58986783,0,0,1,8192,229,20,1
74983740,56,20,7.0,8760,0,6816703.636,1,1,172,92,0.1066897969999999,0.053344899,0,0,0,256,229,20,1
230211,26,20,8.666666667000001,5840,0,28776.375,45,203,72,132,13.03152325,26.06304651,0,0,2,8192,229,20,1
78231214,56,20,7.0,7215,0,7111928.545,74,74,172,92,0.1022609719999999,0.0511304859999999,0,0,0,256,229,20,1
1469966,26,20,8.666666667000001,11595,0,244994.3333,5,49,72,92,2.04086353,2.721151374,0,0,1,8192,229,20,1
146812,26,20,8.666666667000001,7215,0,20973.14286,1,1,72,112,20.43429692,34.05716154,0,0,1,8192,229,20,1
990673,26,20,8.666666667000001,4380,0,123834.125,19,354,72,132,3.028244436,6.056488872,0,0,2,8192,229,20,1
1002125,20,20,10.0,4380,0,125265.625,15,28986,52,152,1.995759012,6.985156542,0,0,3,8192,229,20,1
267502,26,20,8.666666667000001,5755,0,33437.75,3,85,72,132,11.21486942,22.42973884,0,0,2,8192,229,20,1
398642,26,20,8.666666667000001,4380,0,49830.25,14,893,72,132,7.52554924,15.05109848,0,0,2,8192,229,20,1
406549,26,20,8.666666667000001,5840,0,50818.625,3,19,72,132,7.379184305,14.75836861,0,0,2,8192,229,20,1
221669,26,20,8.666666667000001,8760,0,36944.83333,21,1005,72,92,13.53369213,18.04492284,0,0,1,8192,229,20,1
77021463,56,20,7.0,7215,0,6418455.25,1,1,172,112,0.1038671519999999,0.06491697,0,0,0,256,229,20,1
421493,20,20,10.0,5840,0,70248.83333,50,19046,52,112,4.745037284,11.86259321,0,0,2,8192,229,20,1
77925877,56,20,7.0,4380,0,5994298.2310000025,1,1,172,132,0.102661661,0.0769962459999999,0,0,0,256,229,20,1
78640176,56,20,7.0,7215,0,6553348.0,3,25,172,112,0.1017291719999999,0.063580733,0,0,0,256,229,20,1
219260,26,20,8.666666667000001,4380,0,27407.5,1,1,72,132,13.68238621,27.36477242,0,0,2,8192,229,20,1
78742920,56,20,7.0,11595,0,7158447.272999999,4,4,172,92,0.101596436,0.050798218,0,0,0,256,229,20,1
144221,26,20,8.666666667000001,5840,0,18027.625,15,474,72,132,20.80140895,41.6028179,0,0,2,8192,229,20,1
1396862,26,20,8.666666667000001,5840,0,199551.7143,49,139,72,112,2.1476709940000003,3.579451657,0,0,1,8192,229,20,1
78493769,56,20,7.0,11595,0,7135797.182,6,208,172,92,0.101918918,0.050959459,0,0,0,256,229,20,1
48,12,6,6.0,0,0,48.0,48,48,40,0,41666.66667,0.0,6,0,0,0,-1,20,0
67348,80,40,40.0,168,168,22449.33333,3,3,64,64,29.69650175,29.69650175,40,0,1,-1,-1,32,0
268,80,40,40.0,188,188,89.33333333,1,1,40,40,7462.686567,7462.686567,40,0,1,-1,-1,20,0
60964,62,31,31.0,111,111,20321.33333,1,1,64,64,32.80624631,32.80624631,31,0,1,-1,-1,32,0
5109366,349,199,49.85714286,1955,0,364954.7143,1,209,160,168,1.370032994,1.565751993,0,0,1,29200,11,20,0
21013,12,6,6.0,0,0,21013.0,21013,21013,40,0,95.1791748,0.0,6,0,0,420,-1,20,0
798120,43,31,14.33333333,0,0,266040.0,4,4,60,32,3.758833258,1.252944419,0,0,0,256,62,20,0
326157,76,38,38.0,68,68,108719.0,3,48,64,64,6.1320161760000005,6.1320161760000005,38,0,1,-1,-1,32,0
25945,66,66,66.0,98,98,25945.0,25945,0,20,32,38.54307188,38.54307188,66,0,1,-1,-1,20,0
66356,54,54,54.0,121,121,66356.0,66356,0,20,32,15.07022726,15.07022726,54,0,1,-1,-1,20,0
9269402,6,6,6.0,6,6,2317350.5,1,0,20,80,0.107881825,0.4315272979999999,6,1,4,229,0,20,0
75747640,11607,5840,1658.142857,20,0,5049842.666999999,1,47,152,192,0.09241212,0.118815583,0,1,1,229,256,20,0
10957061,6,6,6.0,6,6,2191412.2,4,0,20,100,0.091265349,0.456326747,6,1,5,229,0,20,0
5732208,6,6,6.0,6,6,955368.0,1,0,20,120,0.174452846,1.046717077,6,1,6,229,0,20,0
5732256,6,6,6.0,6,6,955376.0,3,0,20,120,0.174451385,1.046708312,6,1,6,229,0,20,0
1725063,6,6,6.0,6,6,345012.6,1,0,20,100,0.579688974,2.8984448680000003,6,1,5,229,0,20,0
76893584,11607,4380,1934.5,20,0,5126238.933,1,194,132,212,0.078029917,0.130049862,0,1,1,229,256,20,0
4593296,6,6,6.0,6,6,765549.3333,3,0,20,120,0.217708591,1.306251546,6,1,6,229,0,20,0
78364173,11613,5840,1659.0,20,0,5224278.2,1,3,152,192,0.089326534,0.114848401,0,1,1,229,256,20,0
5434089,6,6,6.0,6,6,1086817.8,1,0,20,100,0.184023486,0.920117429,6,1,5,229,0,20,0
322671,12,6,4.0,0,0,161335.5,3,3,72,0,9.297395799,0.0,0,0,0,62,-1,20,0
170454,26,20,8.666666667000001,8760,0,28409.0,41,565,72,92,17.60005632,23.46674176,0,0,1,8192,229,20,1
1203890,26,20,8.666666667000001,5840,0,150486.25,4,92,72,132,2.491922019,4.983844039,0,0,2,8192,229,20,1
539586,26,20,8.666666667000001,7215,0,89931.0,64,146,72,92,5.559818083,7.413090777000001,0,0,1,8192,229,20,1
1205732,26,20,8.666666667000001,7215,0,200955.3333,62,287,72,92,2.488115104,3.317486805,0,0,1,8192,229,20,1
913595,26,20,8.666666667000001,11595,0,152265.8333,6,109,72,92,3.283730756,4.378307675,0,0,1,8192,229,20,1
1251034,26,20,8.666666667000001,5840,0,156379.25,31,103,72,132,2.398016361,4.796032722,0,0,2,8192,229,20,1
1882668,20,20,10.0,10135,0,313778.0,4,762,52,112,1.062322194,2.655805485,0,0,2,8192,229,20,1
2095976,30,6,6.0,0,0,523994.0,1,1,100,0,2.385523498,0.0,6,0,0,256,-1,20,1
10855728,24,6,6.0,0,0,3618576.0,0,0,80,0,0.36846907,0.0,6,0,0,256,-1,20,1
14662,26,20,8.666666667000001,11595,0,2932.4,6,6,72,72,204.6105579,204.6105579,0,0,1,8192,229,20,1
58400,26,20,8.666666667000001,11595,0,9733.333333,15,87,72,92,51.36986301,68.49315068,0,0,1,8192,229,20,1
1842705,26,20,8.666666667000001,5840,0,230338.125,2,178,72,132,1.628041385,3.25608277,0,0,2,8192,229,20,1
1865871,26,20,8.666666667000001,4380,0,233233.875,16,164,72,132,1.607828194,3.215656388,0,0,2,8192,229,20,1
1060423,26,20,8.666666667000001,5840,0,132552.875,14,278,72,132,2.829059724,5.658119449,0,0,2,8192,229,20,1
76025,26,20,8.666666667000001,8760,0,12670.83333,25,405,72,92,39.46070372,52.61427162,0,0,1,8192,229,20,1
1829724,26,20,8.666666667000001,4380,0,228715.5,14,104,72,132,1.639591545,3.27918309,0,0,2,8192,229,20,1
48389,20,20,10.0,5840,0,8064.833333,49,44508,52,112,41.33170762,103.329269,0,0,2,8192,229,20,1
260206,20,20,10.0,7215,0,43367.66667,4,811,52,112,7.686217843,19.21554461,0,0,2,8192,229,20,1
376148,26,20,8.666666667000001,5840,0,53735.42857,20,20,72,112,7.975584079,13.29264013,0,0,1,8192,229,20,1
9622740,24,6,6.0,0,0,3207580.0,1,1,80,0,0.41568202,0.0,6,0,0,256,-1,20,1
718974,30,6,6.0,0,0,179743.5,4,4,100,0,6.954354399,0.0,6,0,0,256,-1,20,1
656250,24,6,6.0,0,0,218750.0,4,4,80,0,6.095238095,0.0,6,0,0,256,-1,20,1
11855996,24,6,6.0,0,0,3951998.667,3,3,80,0,0.33738203,0.0,6,0,0,256,-1,20,1
10551786,30,6,6.0,0,0,2637946.5,162,162,100,0,0.473853431,0.0,6,0,0,256,-1,20,1
6647864,30,6,6.0,0,0,1661966.0,3,3,100,0,0.7521212829999999,0.0,6,0,0,256,-1,20,1
10224771,30,6,6.0,0,0,2556192.75,1,1,100,0,0.489008507,0.0,6,0,0,256,-1,20,1
6115784,30,6,6.0,0,0,1528946.0,3,3,100,0,0.81755667,0.0,6,0,0,256,-1,20,1
78449205,56,20,7.0,8760,0,6537433.75,1,1,172,112,0.101976814,0.063735509,0,0,0,256,229,20,1
1706618,26,20,8.666666667000001,4380,0,213327.25,3,105,72,132,1.757862627,3.5157252530000003,0,0,2,8192,229,20,1
29510,26,20,8.666666667000001,7300,0,4918.333333,65,175,72,92,101.6604541,135.5472721,0,0,1,8192,229,20,1
77049954,56,20,7.0,4380,0,5926919.538,4,4,172,132,0.103828745,0.077871558,0,0,0,256,229,20,1
561370,26,20,8.666666667000001,11595,0,93561.66667,4,79,72,92,5.344068974,7.125425299,0,0,1,8192,229,20,1
556872,26,20,8.666666667000001,5840,0,69609.0,13,747,72,132,5.387234409,10.77446882,0,0,2,8192,229,20,1
78338645,62,20,6.888888889,5840,0,5595617.5,1,1,192,132,0.114885827,0.0765905509999999,0,0,0,256,229,20,1
78327719,56,20,7.0,5840,0,6527309.917,3,3,172,112,0.10213498,0.063834362,0,0,0,256,229,20,1
1157275,26,20,8.666666667000001,7300,0,165325.0,58,887,72,112,2.592296559,4.320494265,0,0,1,8192,229,20,1
1160674,26,20,8.666666667000001,5840,0,145084.25,14,49,72,132,2.5847050940000003,5.1694101880000005,0,0,2,8192,229,20,1
78315818,56,20,7.0,4380,0,6024293.692000003,2,2,172,132,0.1021505,0.076612875,0,0,0,256,229,20,1
700992,26,20,8.666666667000001,5840,0,87624.0,4,4,72,132,4.279649411,8.559298822,0,0,2,8192,229,20,1
22088,26,20,8.666666667000001,5840,0,3155.428571,1,1,72,112,135.8203549,226.3672582,0,0,1,8192,229,20,1
25467,26,20,8.666666667000001,5840,0,3183.375,43,187,72,132,117.7995052,235.5990105,0,0,2,8192,229,20,1
1758918,26,20,8.666666667000001,4380,0,219864.75,28,99,72,132,1.705594007,3.411188014,0,0,2,8192,229,20,1
29524,26,20,8.666666667000001,5840,0,3690.5,77,1005,72,132,101.6122477,203.22449530000003,0,0,2,8192,229,20,1
78386259,56,20,7.0,10135,0,7126023.545,1,1,172,92,0.102058704,0.051029352,0,0,0,256,229,20,1
34493,26,20,8.666666667000001,10135,0,4927.571429,3,3,72,112,86.97416867,144.95694780000005,0,0,1,8192,229,20,1
80242202,56,20,7.0,4380,0,5731585.857000003,13,199,172,152,0.099698161,0.087235891,0,0,0,256,229,20,1
31073,26,20,8.666666667000001,5840,0,4439.0,61,231,72,112,96.54684131,160.9114022,0,0,1,8192,229,20,1
1017714,26,20,8.666666667000001,7300,0,145387.7143,18,336,72,112,2.947782972,4.9129716210000005,0,0,1,8192,229,20,1
1017555,26,20,8.666666667000001,8760,0,169592.5,36,342,72,92,2.948243584,3.930991445,0,0,1,8192,229,20,1
79463740,56,20,7.0,7215,0,6621978.333,1,1,172,112,0.100674849,0.06292178,0,0,0,256,229,20,1
78487912,56,20,7.0,7215,0,6540659.333,3,3,172,112,0.101926523,0.063704077,0,0,0,256,229,20,1
79096570,56,20,7.0,5840,0,6084351.538,1,1,172,132,0.101142186,0.07585664,0,0,0,256,229,20,1
80108798,56,20,7.0,7215,0,6675733.167,1,1,172,112,0.099864187,0.062415117,0,0,0,256,229,20,1
1230692,26,20,8.666666667000001,8675,0,175813.1429,7,48,72,112,2.437652963,4.062754938,0,0,1,8192,229,20,1
55683,26,20,8.666666667000001,5840,0,6960.375,2,3,72,132,53.87640752,107.75281499999998,0,0,2,8192,229,20,1
80351174,56,20,7.0,10135,0,6695931.167,1,1,172,112,0.099562951,0.062226844,0,0,0,256,229,20,1
80315832,56,20,7.0,11595,0,7301439.272999999,0,0,172,92,0.0996067619999999,0.0498033809999999,0,0,0,256,229,20,1
16044146,2473,628,247.3,209,0,891341.4444,57,100,220,192,0.623280292,0.560952263,0,0,0,29200,154,20,0
16008252,1788,586,198.6666667,246,0,1000515.75,45,2585,200,172,0.56221004,0.499742258,0,0,0,29200,142,20,0
250,64,32,32.0,129,129,83.33333333,1,1,64,64,8000.0,8000.0,32,0,1,-1,-1,32,0
219,64,32,32.0,102,102,73.0,2,2,64,64,9132.420091,9132.420091,32,0,1,-1,-1,32,0
243,64,32,32.0,129,129,81.0,1,1,40,40,8230.452675,8230.452675,32,0,1,-1,-1,20,0
239,64,32,32.0,129,129,79.66666667,1,1,40,40,8368.200837,8368.200837,32,0,1,-1,-1,20,0
348,64,32,32.0,129,129,116.0,1,1,40,40,5747.126437,5747.126437,32,0,1,-1,-1,20,0
288,66,33,33.0,49,49,96.0,1,4,40,40,6944.444444,6944.444444,33,0,1,-1,-1,20,0
419591,650,650,216.6666667,421,0,69931.83333,3,230,104,136,7.149819705,9.533092941,0,0,1,29200,5030,32,0
50988,86,43,43.0,71,71,16996.0,3,3,40,64,39.22491567,39.22491567,43,0,1,-1,-1,20,0
51161,72,36,36.0,73,73,17053.66667,3,3,40,40,39.09227732,39.09227732,36,0,1,-1,-1,20,0
61801,204,51,51.0,79,79,8828.714286,1,1,80,80,64.72387178,64.72387178,51,0,1,-1,-1,20,0
5653533,796,485,132.6666667,373,0,565353.3,136,65893,132,112,1.061283272,0.884402727,0,0,0,8192,5164,20,0
8927767,6,6,6.0,6,6,1487961.167,1,0,20,120,0.1120100919999999,0.67206055,6,1,6,229,0,20,0
77208814,11613,10220,1935.5,20,0,5147254.267,2,2,132,212,0.077711335,0.129518891,0,1,1,229,256,20,0
9863358,6,6,6.0,6,6,1972671.6,4,0,20,100,0.10138535,0.5069267479999999,6,1,5,229,0,20,0
78316469,11613,5840,1659.0,20,0,5221097.933,3,48,152,192,0.089380945,0.114918358,0,1,1,229,256,20,0
6849683,1375,1375,1375.0,6,0,1369936.6,988,0,20,112,0.145992158,0.729960788,0,1,5,229,0,20,0
4842774,1375,1375,1375.0,6,0,807129.0,1,0,20,132,0.206493221,1.238959324,0,1,6,229,0,20,0
2845647,1375,1375,1375.0,6,0,569129.4,4,0,20,112,0.351413932,1.757069658,0,1,5,229,0,20,0
993380,0,0,0.0,6,6,198676.0,440,492262,92,60,3.019992349,3.019992349,0,0,1,8192,0,28,0
4,65,53,21.66666667,0,0,2.0,0,0,60,0,750000.0,0.0,6,0,0,1025,-1,20,0
1796979,26,20,8.666666667000001,8675,0,256711.2857,4,160,72,112,1.669468591,2.782447652,0,0,1,8192,229,20,1
44708,26,20,8.666666667000001,4380,0,5588.5,1,1,72,132,67.10208464,134.2041693,0,0,2,8192,229,20,1
1804524,26,20,8.666666667000001,4380,0,225565.5,54,447,72,132,1.662488279,3.324976559,0,0,2,8192,229,20,1
2237985,24,6,6.0,0,0,745995.0,1002,1002,80,0,1.787322078,0.0,6,0,0,256,-1,20,1
89577,26,20,8.666666667000001,7300,0,12796.71429,3,167,72,112,33.49073981,55.81789968,0,0,1,8192,229,20,1
77180,26,20,8.666666667000001,7300,0,11025.71429,4,4,72,112,38.87017362,64.78362270000001,0,0,1,8192,229,20,1
146426,26,20,8.666666667000001,11595,0,24404.33333,5,50,72,92,20.48816467,27.31755289,0,0,1,8192,229,20,1
61253,26,20,8.666666667000001,8760,0,10208.83333,56,111,72,92,48.97719295,65.30292394,0,0,1,8192,229,20,1
6111211,30,6,6.0,0,0,1527802.75,3,3,100,0,0.818168445,0.0,6,0,0,256,-1,20,1
1867483,26,20,8.666666667000001,4380,0,207498.1111,16,93,72,152,1.606440326,3.748360762,0,0,2,8192,229,20,1
46150,26,20,8.666666667000001,4380,0,5768.75,15,19,72,132,65.00541712,130.0108342,0,0,2,8192,229,20,1
3987896,24,6,6.0,0,0,1329298.667,987,987,80,0,1.003035184,0.0,6,0,0,256,-1,20,1
119930,26,20,8.666666667000001,7215,0,17132.85714,4,4,72,112,25.01459185,41.69098641,0,0,1,8192,229,20,1
10158727,24,6,6.0,0,0,3386242.333,260,260,80,0,0.393750122,0.0,6,0,0,256,-1,20,1
10129737,24,6,6.0,0,0,3376579.0,3,3,80,0,0.394876984,0.0,6,0,0,256,-1,20,1
40087,26,20,8.666666667000001,11595,0,6681.166667,74,137,72,92,74.83722903,99.78297204,0,0,1,8192,229,20,1
23572,26,20,8.666666667000001,4380,0,2946.5,7,7,72,132,127.2696419,254.5392839,0,0,2,8192,229,20,1
77599,26,20,8.666666667000001,10220,0,11085.57143,38,50,72,112,38.66029201,64.43382002,0,0,1,8192,229,20,1
10016758,24,6,6.0,0,0,3338919.333,155,155,80,0,0.399330801,0.0,6,0,0,256,-1,20,1
84687,26,20,8.666666667000001,5840,0,10585.875,2,55,72,132,35.42456339,70.84912678,0,0,2,8192,229,20,1
5965839,30,6,6.0,0,0,1491459.75,3,3,100,0,0.838105085,0.0,6,0,0,256,-1,20,1
4029881,30,6,6.0,0,0,1007470.25,963,963,100,0,1.240731426,0.0,6,0,0,256,-1,20,1
4022900,24,6,6.0,0,0,1340966.667,3,3,80,0,0.994307589,0.0,6,0,0,256,-1,20,1
18059,24,6,6.0,0,0,6019.666667,2,2,80,0,221.4962069,0.0,6,0,0,256,-1,20,1
36723,26,20,8.666666667000001,4380,0,4590.375,6,6,72,132,81.69267217,163.3853443,0,0,2,8192,229,20,1
10159683,30,6,6.0,0,0,2539920.75,350,350,100,0,0.492141339,0.0,6,0,0,256,-1,20,1
117154,26,20,8.666666667000001,5840,0,16736.28571,7,7,72,112,25.60732028,42.67886713,0,0,1,8192,229,20,1
9218788,24,6,6.0,0,0,3072929.333,4,4,80,0,0.433896517,0.0,6,0,0,256,-1,20,1
7963802,24,6,6.0,0,0,2654600.667,4,4,80,0,0.502272658,0.0,6,0,0,256,-1,20,1
8105851,24,6,6.0,0,0,2701950.333,1,1,80,0,0.493470704,0.0,6,0,0,256,-1,20,1
1893948,24,6,6.0,0,0,631316.0,3,3,80,0,2.111990403,0.0,6,0,0,256,-1,20,1
49874,30,6,6.0,0,0,12468.5,464,464,100,0,100.2526366,0.0,6,0,0,256,-1,20,1
11965696,24,6,6.0,0,0,3988565.333,4,4,80,0,0.3342889539999999,0.0,6,0,0,256,-1,20,1
5924060,30,6,6.0,0,0,1481015.0,246,246,100,0,0.844015759,0.0,6,0,0,256,-1,20,1
11977841,24,6,6.0,0,0,3992613.667,1,1,80,0,0.33395,0.0,6,0,0,256,-1,20,1
9999491,30,6,6.0,0,0,2499872.75,267,267,100,0,0.5000254510000001,0.0,6,0,0,256,-1,20,1
3969932,30,6,6.0,0,0,992483.0,1,1,100,0,1.259467417,0.0,6,0,0,256,-1,20,1
79813611,56,20,7.0,10220,0,7255782.818,1,1,172,92,0.10023353,0.050116765,0,0,0,256,229,20,1
78501493,56,20,7.0,8675,0,6541791.083,1,1,172,112,0.10190889,0.063693056,0,0,0,256,229,20,1
80288014,56,20,7.0,7215,0,6690667.833,1,1,172,112,0.099641274,0.0622757959999999,0,0,0,256,229,20,1
71893,26,20,8.666666667000001,5840,0,10270.42857,9,9,72,112,41.72868012,69.5478002,0,0,1,8192,229,20,1
78499427,56,20,7.0,8760,0,6541618.917,3,3,172,112,0.1019115719999999,0.063694732,0,0,0,256,229,20,1
1869523,26,20,8.666666667000001,5840,0,233690.375,3,37,72,132,1.604687399,3.2093747980000003,0,0,2,8192,229,20,1
1840169,26,20,8.666666667000001,5840,0,262881.2857,3,3,72,112,1.630285044,2.7171417410000003,0,0,1,8192,229,20,1
78504967,56,20,7.0,7215,0,6542080.583,1,1,172,112,0.10190438,0.063690238,0,0,0,256,229,20,1
78502106,56,20,7.0,11595,0,7136555.091,3,3,172,92,0.101908094,0.050954047,0,0,0,256,229,20,1
50360,26,20,8.666666667000001,5840,0,6295.0,14,1596,72,132,59.57108817,119.1421763,0,0,2,8192,229,20,1
78576956,56,20,7.0,5840,0,6548079.667,3,147,172,112,0.10181102,0.063631887,0,0,0,256,229,20,1
80114872,62,20,6.888888889,7215,0,6676239.333,1,1,192,92,0.112338693,0.049928308,0,0,0,256,229,20,1
52378,20,20,10.0,7300,0,7482.571429,19,6174,52,132,38.18397037,114.5519111,0,0,3,8192,229,20,1
66799,26,20,8.666666667000001,7300,0,9542.714286,36,84,72,112,44.91085196,74.85141993,0,0,1,8192,229,20,1
1867323,26,20,8.666666667000001,4380,0,233415.375,14,266,72,132,1.606577973,3.213155946,0,0,2,8192,229,20,1
56162,26,20,8.666666667000001,5840,0,7020.25,14,212,72,132,53.41690111,106.8338022,0,0,2,8192,229,20,1
1787796,26,20,8.666666667000001,10135,0,297966.0,2,2,72,92,1.678043804,2.237391738,0,0,1,8192,229,20,1
81945687,56,20,7.0,7300,0,7449607.909,1,1,172,92,0.097625638,0.048812819,0,0,0,256,229,20,1
168886,26,20,8.666666667000001,4380,0,21110.75,3,4,72,132,17.76346174,35.52692349,0,0,2,8192,229,20,1
120552,26,20,8.666666667000001,10220,0,17221.71429,3,3,72,112,24.88552658,41.47587763,0,0,1,8192,229,20,1
1768421,20,20,10.0,5840,0,252631.5714,9,15036,52,132,1.130952415,3.392857244,0,0,3,8192,229,20,1
115590,26,20,8.666666667000001,8675,0,16512.85714,5,83,72,112,25.95380223,43.25633705,0,0,1,8192,229,20,1
15795,26,20,8.666666667000001,7215,0,2256.428571,53,225,72,112,189.9335233,316.5558721000001,0,0,1,8192,229,20,1
1753965,26,20,8.666666667000001,11595,0,292327.5,1,1,72,92,1.7104104130000002,2.280547217,0,0,1,8192,229,20,1
81228202,56,20,7.0,4380,0,6248323.2310000025,1,1,172,132,0.098487961,0.073865971,0,0,0,256,229,20,1
81923208,56,20,7.0,5840,0,6301785.2310000025,3,67,172,132,0.097652426,0.073239319,0,0,0,256,229,20,1
81880593,56,20,7.0,5840,0,6298507.154,3,91,172,132,0.097703249,0.073277437,0,0,0,256,229,20,1
2210153,6,6,6.0,6,6,442030.6,3,0,20,100,0.452457364,2.262286819,6,1,5,229,0,20,0
1853969,6,6,6.0,6,6,370793.8,3,0,20,100,0.539383345,2.696916723,6,1,5,229,0,20,0
8126801,6,6,6.0,6,6,1625360.2,3,0,20,100,0.123049648,0.615248239,6,1,5,229,0,20,0
10095769,6,6,6.0,6,6,2019153.8,4,0,20,100,0.099051395,0.495256973,6,1,5,229,0,20,0
4050780,6,6,6.0,6,6,810156.0,980,0,20,100,0.246866036,1.234330178,6,1,5,229,0,20,0
2038854,6,6,6.0,6,6,339809.0,348,0,20,120,0.4904716079999999,2.942829648,6,1,6,229,0,20,0
80152063,11613,8675,1935.5,20,0,5725147.357000003,3,10,132,192,0.074857711,0.1122865669999999,0,1,1,229,256,20,0
24000715,6,6,6.0,6,6,4800143.0,4,0,20,100,0.041665425,0.208327127,6,1,5,229,0,20,0
1895785,6,6,6.0,6,6,379157.0,1,0,20,100,0.527485975,2.637429877,6,1,5,229,0,20,0
10095189,6,6,6.0,6,6,2019037.8,3,0,20,100,0.099057086,0.4952854279999999,6,1,5,229,0,20,0
3996080,1375,1375,1375.0,6,0,666013.3333,4,0,20,132,0.25024524,1.501471442,0,1,6,229,0,20,0
9903800,6,6,6.0,6,6,1650633.333,1,0,20,120,0.100971344,0.605828066,6,1,6,229,0,20,0
80366320,11613,8760,1659.0,20,0,5022895.0,1,182,152,212,0.087101164,0.124430234,0,1,1,229,256,20,0
8136409,6,6,6.0,6,6,1627281.8,1,0,20,100,0.122904343,0.614521713,6,1,5,229,0,20,0
4093061,135,46,27.0,46,46,818612.2,48,48,100,20,1.221579644,0.244315929,6,0,0,16402,32,20,0
1,6,6,6.0,6,6,1.0,1,0,20,20,1000000.0,1000000.0,6,0,1,16399,245,20,0
29,0,0,0.0,0,0,29.0,29,0,32,32,34482.75862,34482.75862,0,1,1,118,244,32,0
36,0,0,0.0,0,0,36.0,36,0,32,32,27777.77778,27777.77778,0,0,1,8059,39096,32,0
310,83,46,27.66666667,6,6,103.3333333,48,48,60,20,9677.419355,3225.806452,6,0,0,136,0,20,0
1060838,26,20,8.666666667000001,10135,0,151548.2857,3,25,72,112,2.827952996,4.7132549930000005,0,0,1,8192,229,20,1
4144056,24,6,6.0,0,0,1381352.0,4,4,80,0,0.965237921,0.0,6,0,0,256,-1,20,1
2147984,30,6,6.0,0,0,536996.0,3,3,100,0,2.32776408,0.0,6,0,0,256,-1,20,1
696133,26,20,8.666666667000001,5840,0,116022.1667,56,300,72,92,4.309521313,5.746028417000001,0,0,1,8192,229,20,1
1062461,26,20,8.666666667000001,11595,0,177076.8333,5,219,72,92,2.8236330560000003,3.764844074,0,0,1,8192,229,20,1
807180,26,20,8.666666667000001,5840,0,100897.5,46,116,72,132,3.716643128,7.4332862560000015,0,0,2,8192,229,20,1
24430,26,20,8.666666667000001,8760,0,4071.666667,3,3,72,92,122.7998363,163.733115,0,0,1,8192,229,20,1
1157176,26,20,8.666666667000001,2920,0,115717.6,3,192,72,172,2.592518338,6.913382234,0,0,2,8192,229,20,1
6108845,30,6,6.0,0,0,1527211.25,4,4,100,0,0.818485327,0.0,6,0,0,256,-1,20,1
49424,26,20,8.666666667000001,4380,0,6178.0,2,65,72,132,60.69925542,121.3985108,0,0,2,8192,229,20,1
39434,26,20,8.666666667000001,8760,0,5633.428571,3,3,72,112,76.07648222,126.794137,0,0,1,8192,229,20,1
12056707,30,6,6.0,0,0,3014176.75,1,1,100,0,0.4147069339999999,0.0,6,0,0,256,-1,20,1
10301284,30,6,6.0,0,0,2575321.0,334,334,100,0,0.485376386,0.0,6,0,0,256,-1,20,1
1848674,26,20,8.666666667000001,11595,0,308112.3333,49,49,72,92,1.6227847640000002,2.163713018,0,0,1,8192,229,20,1
152833,26,20,8.666666667000001,11595,0,25472.16667,43,708,72,92,19.62926855,26.17235806,0,0,1,8192,229,20,1
8064763,30,6,6.0,0,0,2016190.75,3,3,100,0,0.619981021,0.0,6,0,0,256,-1,20,1
6319845,36,6,6.0,0,0,1263969.0,3,3,120,0,0.949390373,0.0,6,0,0,256,-1,20,1
1745900,26,20,8.666666667000001,10135,0,249414.2857,3,52,72,112,1.7183114730000002,2.863852454,0,0,1,8192,229,20,1
97229,26,20,8.666666667000001,5840,0,12153.625,3,3,72,132,30.85499182,61.70998365,0,0,2,8192,229,20,1
6070863,30,6,6.0,0,0,1517715.75,7,7,100,0,0.823606133,0.0,6,0,0,256,-1,20,1
12100,26,20,8.666666667000001,10135,0,1728.571429,49,500,72,112,247.93388430000005,413.2231405,0,0,1,8192,229,20,1
1816089,26,20,8.666666667000001,5840,0,227011.125,24,98,72,132,1.651901421,3.303802842,0,0,2,8192,229,20,1
125480,24,6,6.0,0,0,41826.66667,209,209,80,0,31.87759005,0.0,6,0,0,256,-1,20,1
7810813,30,6,6.0,0,0,1952703.25,3,3,100,0,0.640138229,0.0,6,0,0,256,-1,20,1
4047367,30,6,6.0,0,0,1011841.75,162,162,100,0,1.235371045,0.0,6,0,0,256,-1,20,1
4046721,30,6,6.0,0,0,1011680.25,250,250,100,0,1.235568254,0.0,6,0,0,256,-1,20,1
39959,26,20,8.666666667000001,8760,0,6659.833333,48,118,72,92,75.07695388,100.1026052,0,0,1,8192,229,20,1
1798594,26,20,8.666666667000001,7215,0,256942.0,4,79,72,112,1.667969536,2.779949227,0,0,1,8192,229,20,1
269091,26,20,8.666666667000001,7215,0,44848.5,18,154,72,92,11.14864488,14.86485984,0,0,1,8192,229,20,1
7615815,24,6,6.0,0,0,2538605.0,3,3,80,0,0.525222842,0.0,6,0,0,256,-1,20,1
21196,26,20,8.666666667000001,4380,0,2649.5,3,3,72,132,141.5361389,283.0722778,0,0,2,8192,229,20,1
45522,26,20,8.666666667000001,5840,0,5690.25,36,283,72,132,65.90220113,131.8044023,0,0,2,8192,229,20,1
8022475,36,6,6.0,0,0,1604495.0,340,340,120,0,0.747898872,0.0,6,0,0,256,-1,20,1
8020878,24,6,6.0,0,0,2673626.0,517,517,80,0,0.498698522,0.0,6,0,0,256,-1,20,1
7775193,30,6,6.0,0,0,1943798.25,3,3,100,0,0.643070854,0.0,6,0,0,256,-1,20,1
8057787,30,6,6.0,0,0,2014446.75,3,3,100,0,0.620517767,0.0,6,0,0,256,-1,20,1
8068937,50,20,7.142857143,8760,0,806893.7,1,1,152,92,0.867524434,0.495728248,0,0,0,256,229,20,1
9785802,24,6,6.0,0,0,3261934.0,991,991,80,0,0.40875546,0.0,6,0,0,256,-1,20,1
2200932,30,6,6.0,0,0,550233.0,6,6,100,0,2.271764871,0.0,6,0,0,256,-1,20,1
1667985,24,6,6.0,0,0,555995.0,3,3,80,0,2.3981031,0.0,6,0,0,256,-1,20,1
2347853,30,6,6.0,0,0,586963.25,4,4,100,0,2.129605218,0.0,6,0,0,256,-1,20,1
1681576,24,6,6.0,0,0,560525.3333,1,1,80,0,2.378720914,0.0,6,0,0,256,-1,20,1
7772115,24,6,6.0,0,0,2590705.0,4,4,80,0,0.514660424,0.0,6,0,0,256,-1,20,1
1899939,24,6,6.0,0,0,633313.0,905,905,80,0,2.10533075,0.0,6,0,0,256,-1,20,1
8059121,50,20,7.142857143,5840,0,732647.3636,3,3,152,112,0.868581077,0.620415055,0,0,0,256,229,20,1
80810873,56,20,7.0,5840,0,6216221.0,2,2,172,132,0.098996579,0.074247435,0,0,0,256,229,20,1
80790959,56,20,7.0,5840,0,5770782.786,1,1,172,152,0.099020981,0.086643358,0,0,0,256,229,20,1
81200436,56,20,7.0,7215,0,6766703.0,1,1,172,112,0.098521638,0.061576024,0,0,0,256,229,20,1
81198462,62,20,6.888888889,7215,0,6766538.5,1,1,192,92,0.110839538,0.049262017,0,0,0,256,229,20,1
81212222,56,20,7.0,4380,0,6767685.167,3,3,172,112,0.09850734,0.061567088,0,0,0,256,229,20,1
139410,26,20,8.666666667000001,5840,0,17426.25,5,5,72,132,21.51925974,43.03851947,0,0,2,8192,229,20,1
81177188,56,20,7.0,10135,0,7379744.364,3,3,172,92,0.098549854,0.049274927,0,0,0,256,229,20,1
46441,26,20,8.666666667000001,7300,0,6634.428571,0,0,72,112,64.5980922,107.66348700000002,0,0,1,8192,229,20,1
80746110,62,20,6.888888889,7215,0,6211239.2310000025,4,68,192,112,0.111460478,0.061922488,0,0,0,256,229,20,1
81242132,56,20,7.0,11595,0,7385648.364,4,4,172,92,0.098471074,0.049235537,0,0,0,256,229,20,1
80192954,56,20,7.0,7300,0,6682746.167,1,1,172,112,0.099759388,0.062349617,0,0,0,256,229,20,1
80902848,56,20,7.0,4380,0,6223296.0,15,189,172,132,0.098884034,0.0741630259999999,0,0,0,256,229,20,1
80961395,56,20,7.0,11595,0,7360126.818,3,3,172,92,0.098812527,0.049406263,0,0,0,256,229,20,1
1669400,26,20,8.666666667000001,5840,0,208675.0,2,4,72,132,1.7970528330000002,3.594105667,0,0,2,8192,229,20,1
81879148,56,20,7.0,5840,0,6823262.333,3,98,172,112,0.097704974,0.061065609,0,0,0,256,229,20,1
80876086,56,20,7.0,8760,0,7352371.455,1,1,172,92,0.098916755,0.049458378,0,0,0,256,229,20,1
82426042,56,20,7.0,7300,0,6868836.833,1,1,172,112,0.097056704,0.06066044,0,0,0,256,229,20,1
1792683,26,20,8.666666667000001,7215,0,256097.5714,4,48,72,112,1.673469319,2.789115532,0,0,1,8192,229,20,1
26806,26,20,8.666666667000001,5840,0,3350.75,4,4,72,132,111.9152429,223.8304857,0,0,2,8192,229,20,1
82489245,56,20,7.0,5840,0,6345326.538,0,0,172,132,0.09698234,0.072736755,0,0,0,256,229,20,1
1617404,26,20,8.666666667000001,7300,0,202175.5,1,1,72,132,1.85482415,3.709648301,0,0,2,8192,229,20,1
34044,26,20,8.666666667000001,8760,0,5674.0,2,2,72,92,88.12125485,117.4950065,0,0,1,8192,229,20,1
1673733,26,20,8.666666667000001,10135,0,239104.7143,4,49,72,112,1.79240058,2.9873343,0,0,1,8192,229,20,1
80903502,56,20,7.0,7215,0,6741958.5,1,1,172,112,0.098883235,0.061802022,0,0,0,256,229,20,1
118404,26,20,8.666666667000001,8760,0,19734.0,12,334,72,92,25.33698186,33.78264248,0,0,1,8192,229,20,1
144049,26,20,8.666666667000001,5840,0,18006.125,14,439,72,132,20.82624662,41.65249325,0,0,2,8192,229,20,1
1797035,26,20,8.666666667000001,5840,0,224629.375,1,1,72,132,1.669416567,3.338833133,0,0,2,8192,229,20,1
255,64,32,32.0,129,129,85.0,0,0,80,80,7843.137255,7843.137255,32,0,1,-1,-1,40,0
178,66,33,33.0,49,49,59.33333333,3,3,40,40,11235.95506,11235.95506,33,0,1,-1,-1,20,0
215,66,33,33.0,49,49,71.66666667,3,3,40,40,9302.325581,9302.325581,33,0,1,-1,-1,20,0
225156,0,0,0.0,0,0,225156.0,225156,0,32,32,4.441365098,4.441365098,0,1,1,430,672,32,0
1350,0,0,0.0,0,0,1350.0,1350,1350,64,0,1481.481481,0.0,0,0,0,30016,-1,32,0
24482,86,43,43.0,98,98,8160.666667,3,3,40,64,81.69267217,81.69267217,43,0,1,-1,-1,20,0
8805291,6,6,6.0,6,6,1761058.2,1,0,20,100,0.113568081,0.567840404,6,1,5,229,0,20,0
80794687,11607,10135,2321.4,20,0,6214975.923,1,194,112,192,0.061885257,0.111393463,0,1,1,229,256,20,0
6087227,1375,1375,1375.0,6,0,1014537.833,1,0,20,132,0.164278414,0.985670487,0,1,6,229,0,20,0
81932841,12976,5840,2162.666667,20,0,5852345.786,1,184,132,204,0.073230709,0.109846063,0,1,1,229,256,20,0
81932592,12976,4380,2162.666667,20,0,5852328.0,1,160,132,204,0.073230931,0.109846397,0,1,1,229,256,20,0
29478,11607,10135,2321.4,20,0,4211.142857,4,4,112,72,169.6180202,101.7708121,0,0,0,29200,256,20,0
8087056,6,6,6.0,6,6,1617411.2,1,0,20,100,0.123654393,0.618271964,6,1,5,229,0,20,0
81834108,12982,11595,2596.4,20,0,6294931.385,1,6,112,204,0.061099218,0.1099785919999999,0,1,1,229,256,20,0
8123633,6,6,6.0,6,6,1624726.6,1,0,20,100,0.123097634,0.615488169,6,1,5,229,0,20,0
6113868,6,6,6.0,6,6,1222773.6,4,0,20,100,0.163562576,0.81781288,6,1,5,229,0,20,0
82353588,11607,7300,2321.4,20,0,5882399.142999997,1,169,112,212,0.060713809,0.121427618,0,1,2,229,256,20,0
11956270,1375,1375,1375.0,6,0,2391254.0,1,0,20,112,0.083638125,0.418190623,0,1,5,229,0,20,0
81914481,11613,5840,1659.0,20,0,5119655.062,1,3,152,212,0.085454976,0.1220785369999999,0,1,1,229,256,20,0
2268306,6,6,6.0,6,6,453661.2,3,0,20,100,0.440857627,2.204288134,6,1,5,229,0,20,0
82098978,11613,4380,1659.0,20,0,5473265.2,1,16,152,192,0.085262937,0.1096237759999999,0,1,1,229,256,20,0
11798891,6,6,6.0,6,6,2359778.2,3,0,20,100,0.084753728,0.423768641,6,1,5,229,0,20,0
9655001,6,6,6.0,6,6,1931000.2,4,0,20,100,0.103573267,0.5178663370000001,6,1,5,229,0,20,0
82448895,11613,11595,2322.6,20,0,5889206.786,1,5,112,212,0.060643627,0.121287253,0,1,2,229,256,20,0
11763606,6,6,6.0,6,6,2352721.2,358,0,20,100,0.0850079469999999,0.425039737,6,1,5,229,0,20,0
254542,26,20,8.666666667000001,11595,0,42423.66667,4,113,72,92,11.78587424,15.71449898,0,0,1,8192,229,20,1
178346,26,20,8.666666667000001,7215,0,29724.33333,38,146,72,92,16.82123513,22.4283135,0,0,1,8192,229,20,1
11122489,24,6,6.0,0,0,3707496.333,327,327,80,0,0.359631734,0.0,6,0,0,256,-1,20,1
110942,26,20,8.666666667000001,4380,0,13867.75,16,410,72,132,27.04115664,54.08231328,0,0,2,8192,229,20,1
61417,26,20,8.666666667000001,4380,0,8773.857143000001,4,4,72,112,48.84641060000001,81.41068434,0,0,1,8192,229,20,1
56669,26,20,8.666666667000001,4380,0,7083.625,9,219,72,132,52.93899663,105.8779933,0,0,2,8192,229,20,1
3062937,30,6,6.0,0,0,765734.25,6,6,100,0,1.632420125,0.0,6,0,0,256,-1,20,1
48263,26,20,8.666666667000001,5840,0,6032.875,59,386,72,132,62.15941819,124.3188364,0,0,2,8192,229,20,1
3037923,30,6,6.0,0,0,759480.75,212,212,100,0,1.645861334,0.0,6,0,0,256,-1,20,1
47495,26,20,8.666666667000001,7300,0,6785.0,38,658,72,112,63.16454364,105.2742394,0,0,1,8192,229,20,1
1039959,26,20,8.666666667000001,5840,0,129994.875,28,484,72,132,2.88472911,5.769458219,0,0,2,8192,229,20,1
11087555,24,6,6.0,0,0,3695851.667,266,266,80,0,0.360764839,0.0,6,0,0,256,-1,20,1
11025654,30,6,6.0,0,0,2756413.5,3,3,100,0,0.453487838,0.0,6,0,0,256,-1,20,1
1637487,26,20,8.666666667000001,8760,0,233926.7143,2,494,72,112,1.832075613,3.0534593560000003,0,0,1,8192,229,20,1
7016839,24,6,6.0,0,0,2338946.333,201,201,80,0,0.570057258,0.0,6,0,0,256,-1,20,1
5820863,30,6,6.0,0,0,1455215.75,1,1,100,0,0.858979158,0.0,6,0,0,256,-1,20,1
4950865,30,6,6.0,0,0,1237716.25,1,1,100,0,1.009924528,0.0,6,0,0,256,-1,20,1
969939,26,20,8.666666667000001,4380,0,121242.375,17,67,72,132,3.092978012,6.1859560239999976,0,0,2,8192,229,20,1
2961967,24,6,6.0,0,0,987322.3333,3,3,80,0,1.350453938,0.0,6,0,0,256,-1,20,1
816770,24,6,6.0,0,0,272256.6667,239,239,80,0,4.89733952,0.0,6,0,0,256,-1,20,1
96837,26,20,8.666666667000001,4380,0,13833.85714,90,90,72,112,30.97989405,51.63315675,0,0,1,8192,229,20,1
1775731,26,20,8.666666667000001,8760,0,295955.1667,94,157,72,92,1.689445079,2.252593439,0,0,1,8192,229,20,1
530340,26,20,8.666666667000001,4380,0,66292.5,38,99,72,132,5.656748501,11.313497,0,0,2,8192,229,20,1
659696,26,20,8.666666667000001,7215,0,109949.3333,6,168,72,92,4.547549173999999,6.063398899,0,0,1,8192,229,20,1
3439690,24,6,6.0,0,0,1146563.333,3,3,80,0,1.162895493,0.0,6,0,0,256,-1,20,1
6082472,24,6,6.0,0,0,2027490.667,334,334,80,0,0.657627359,0.0,6,0,0,256,-1,20,1
666599,26,20,8.666666667000001,7300,0,95228.42857,87,264,72,112,4.500456796,7.500761327,0,0,1,8192,229,20,1
1934974,30,6,6.0,0,0,483743.5,1,1,100,0,2.584014049,0.0,6,0,0,256,-1,20,1
2191956,24,6,6.0,0,0,730652.0,1,1,80,0,1.824854149,0.0,6,0,0,256,-1,20,1
2052981,24,6,6.0,0,0,684327.0,3,3,80,0,1.948386273,0.0,6,0,0,256,-1,20,1
8068106,56,20,7.0,5840,0,672342.1667,1,1,172,112,0.991558614,0.619724134,0,0,0,256,229,20,1
7298920,24,6,6.0,0,0,2432973.333,1,1,80,0,0.548026283,0.0,6,0,0,256,-1,20,1
5121927,24,6,6.0,0,0,1707309.0,2,2,80,0,0.7809560740000001,0.0,6,0,0,256,-1,20,1
2054231,30,6,6.0,0,0,513557.75,314,314,100,0,2.43400085,0.0,6,0,0,256,-1,20,1
1301156,24,6,6.0,0,0,433718.6667,269,269,80,0,3.074189413,0.0,6,0,0,256,-1,20,1
9813270,24,6,6.0,0,0,3271090.0,3,3,80,0,0.407611326,0.0,6,0,0,256,-1,20,1
7838831,24,6,6.0,0,0,2612943.667,1,1,80,0,0.510280168,0.0,6,0,0,256,-1,20,1
6650806,30,6,6.0,0,0,1662701.5,4,4,100,0,0.75178858,0.0,6,0,0,256,-1,20,1
1756459,26,20,8.666666667000001,5840,0,219557.375,3,3,72,132,1.707981797,3.415963595,0,0,2,8192,229,20,1
82658764,62,20,6.888888889,4380,0,5904197.429,6,6,192,132,0.108881376,0.072587584,0,0,0,256,229,20,1
136707,26,20,8.666666667000001,7215,0,19529.57143,3,3,72,112,21.94474314,36.57457189,0,0,1,8192,229,20,1
1752127,26,20,8.666666667000001,4380,0,219015.875,3,12,72,132,1.7122046519999998,3.424409304,0,0,2,8192,229,20,1
80942067,62,20,6.888888889,8760,0,6226312.846,1,1,192,112,0.111190637,0.0617725759999999,0,0,0,256,229,20,1
81754529,56,20,7.0,8760,0,7432229.909,3,3,172,92,0.0978539059999999,0.0489269529999999,0,0,0,256,229,20,1
773621,26,20,8.666666667000001,5840,0,96702.625,13,105,72,132,3.877867845,7.75573569,0,0,2,8192,229,20,1
58502,26,20,8.666666667000001,5840,0,8357.428570999999,1,1,72,112,51.28029811,85.46716352,0,0,1,8192,229,20,1
82777435,56,20,7.0,7215,0,7525221.364,2,2,172,92,0.096644696,0.048322348,0,0,0,256,229,20,1
81722910,56,20,7.0,8675,0,6286377.692000003,1,1,172,132,0.0978917659999999,0.073418825,0,0,0,256,229,20,1
82853498,62,20,6.888888889,5840,0,6373346.0,3,3,192,112,0.108625468,0.060347482,0,0,0,256,229,20,1
717733,26,20,8.666666667000001,5840,0,89716.625,34,590,72,132,4.179827317,8.359654635,0,0,2,8192,229,20,1
81643728,56,20,7.0,5840,0,6280286.7689999975,2,2,172,132,0.0979867059999999,0.07349003,0,0,0,256,229,20,1
123100,26,20,8.666666667000001,5840,0,15387.5,3,486,72,132,24.37043054,48.74086109,0,0,2,8192,229,20,1
82198095,56,20,7.0,5840,0,6849841.25,1,1,172,112,0.0973258569999999,0.06082866,0,0,0,256,229,20,1
145882,26,20,8.666666667000001,11595,0,24313.66667,1,1,72,92,20.56456588,27.41942118,0,0,1,8192,229,20,1
1408344,26,20,8.666666667000001,11595,0,234724.0,6,79,72,92,2.130161381,2.840215175,0,0,1,8192,229,20,1
82228717,56,20,7.0,4380,0,6325285.923,16,190,172,132,0.097289612,0.072967209,0,0,0,256,229,20,1
344213,26,20,8.666666667000001,7300,0,49173.28571,3,49,72,112,8.715533696,14.52588949,0,0,1,8192,229,20,1
82251398,56,20,7.0,7215,0,6854283.167,4,201,172,112,0.097262785,0.06078924,0,0,0,256,229,20,1
82233149,62,20,6.888888889,11595,0,6852762.417,1,1,192,92,0.109444915,0.048642184,0,0,0,256,229,20,1
1152031,26,20,8.666666667000001,11595,0,192005.1667,6,49,72,92,2.604096591,3.472128788,0,0,1,8192,229,20,1
674152,26,20,8.666666667000001,10135,0,96307.42857,5,121,72,112,4.450035007,7.416725012000001,0,0,1,8192,229,20,1
1289215,26,20,8.666666667000001,4380,0,161151.875,2,48,72,132,2.326997436,4.653994873,0,0,2,8192,229,20,1
604272,26,20,8.666666667000001,5840,0,75534.0,14,49,72,132,4.96465168,9.92930336,0,0,2,8192,229,20,1
82823113,56,20,7.0,8760,0,7529373.909,75,126,172,92,0.096591395,0.048295697,0,0,0,256,229,20,1
58987,160,40,40.0,101,101,8426.714286,4,4,80,80,67.8115517,67.8115517,40,0,1,-1,-1,20,0
128250,1040,234,24.76190476,3454,0,1441.011236,2,2,864,972,327.4853801000001,374.2690058,0,0,1,8192,1013,20,0
115319016,748,304,35.61904762,2014,0,3034710.947,25,165,432,504,0.182103531,0.156088741,0,0,0,8192,123,20,0
71373,48,48,48.0,112,112,71373.0,71373,0,20,20,14.01090048,14.01090048,48,0,1,-1,-1,20,0
80899038,11607,5840,1934.5,20,0,5778502.714,3,196,132,192,0.074166519,0.111249778,0,1,1,229,256,20,0
82563094,11607,4380,1658.142857,20,0,5504206.267000001,1,66,152,192,0.084783644,0.109007543,0,1,1,229,256,20,0
82758132,11607,8760,2321.4,20,0,5911295.142999997,0,691,112,212,0.060417023,0.1208340469999999,0,1,2,229,256,20,0
82692711,11607,10220,2321.4,20,0,6360977.7689999975,1,188,112,192,0.0604648209999999,0.108836678,0,1,1,229,256,20,0
11894021,6,6,6.0,6,6,2378804.2,3,0,20,100,0.0840758559999999,0.420379281,6,1,5,229,0,20,0
11292067,6,6,6.0,6,6,2258413.4,4,0,20,100,0.0885577459999999,0.442788729,6,1,5,229,0,20,0
3121019,1375,1375,1375.0,6,0,520169.8333,180,0,20,132,0.320408174,1.922449046,0,1,6,229,0,20,0
11491630,1375,1375,1375.0,6,0,2298326.0,3,0,20,112,0.0870198569999999,0.435099285,0,1,5,229,0,20,0
11487633,1375,1375,1375.0,6,0,2297526.6,4,0,20,112,0.087050135,0.435250673,0,1,5,229,0,20,0
9496466,1375,1375,1375.0,6,0,1582744.333,1,0,20,132,0.10530233,0.631813982,0,1,6,229,0,20,0
7444623,6,6,6.0,6,6,1488924.6,3,0,20,100,0.1343251359999999,0.6716256820000001,6,1,5,229,0,20,0
7437624,6,6,6.0,6,6,1487524.8,1,0,20,100,0.13445154,0.6722577,6,1,5,229,0,20,0
5443725,6,6,6.0,6,6,1088745.0,3,0,20,100,0.183697744,0.918488719,6,1,5,229,0,20,0
81477952,12982,10135,2163.666667,20,0,5819853.714,0,5,132,204,0.073639553,0.11045933,0,1,1,229,256,20,0
6021046,6,6,6.0,6,6,1003507.667,1,0,20,120,0.166084099,0.996504594,6,1,6,229,0,20,0
1026099,703,267,87.875,3401,0,64131.1875,2,357,264,296,7.79651866,8.771083492,0,0,1,29200,252,32,0
1209919,26,20,8.666666667000001,5840,0,151239.875,45,869,72,132,2.479504826,4.959009653,0,0,2,8192,229,20,1
67005,26,20,8.666666667000001,5840,0,8375.625,10,1014,72,132,44.77277815,89.5455563,0,0,2,8192,229,20,1
131141,26,20,8.666666667000001,8760,0,21856.83333,86,421,72,92,22.87614095,30.50152126,0,0,1,8192,229,20,1
1311811,26,20,8.666666667000001,11595,0,218635.1667,4,4,72,92,2.286914807,3.049219743,0,0,1,8192,229,20,1
583393,26,20,8.666666667000001,8760,0,97232.16667,54,151,72,92,5.142331156,6.8564415410000015,0,0,1,8192,229,20,1
17459,26,20,8.666666667000001,8760,0,2909.833333,11,990,72,92,171.83114730000003,229.1081963,0,0,1,8192,229,20,1
592276,26,20,8.666666667000001,11595,0,98712.66667,1,1,72,92,5.065206086,6.753608115,0,0,1,8192,229,20,1
80711710,56,20,7.0,8760,0,6725975.833,3,3,172,112,0.0991182069999999,0.06194888,0,0,0,256,229,20,1
81056518,56,20,7.0,8675,0,7368774.364,1,1,172,92,0.098696566,0.049348283,0,0,0,256,229,20,1
40986,26,20,8.666666667000001,8760,0,6831.0,8,8,72,92,73.19572537,97.59430049,0,0,1,8192,229,20,1
29622,26,20,8.666666667000001,7300,0,4231.714286,47,47,72,112,101.2760786,168.7934643,0,0,1,8192,229,20,1
80665105,62,20,6.888888889,8760,0,6205008.077000001,2,3,192,112,0.111572408,0.061984671,0,0,0,256,229,20,1
98738,26,20,8.666666667000001,10220,0,14105.428569999998,1,59,72,112,30.38343900000001,50.639065,0,0,1,8192,229,20,1
80736059,56,20,7.0,8675,0,6728004.917,1,1,172,112,0.099088314,0.061930197,0,0,0,256,229,20,1
81062327,56,20,7.0,11595,0,7369302.455,1,1,172,92,0.098689494,0.049344747,0,0,0,256,229,20,1
73311,26,20,8.666666667000001,8760,0,12218.5,5,5,72,92,40.92155338,54.56207118,0,0,1,8192,229,20,1
82182629,56,20,7.0,11595,0,7471148.091,1,1,172,92,0.0973441719999999,0.0486720859999999,0,0,0,256,229,20,1
82225422,56,20,7.0,11595,0,7475038.364,3,3,172,92,0.097293511,0.048646756,0,0,0,256,229,20,1
83360973,56,20,7.0,5840,0,6412382.538,4,4,172,132,0.09596817,0.071976127,0,0,0,256,229,20,1
22151,26,20,8.666666667000001,4380,0,2768.875,1,1,72,132,135.4340662,270.8681324,0,0,2,8192,229,20,1
81962658,56,20,7.0,5840,0,7451150.727000001,1,1,172,92,0.097605424,0.048802712,0,0,0,256,229,20,1
81725211,56,20,7.0,7215,0,6810434.25,3,98,172,112,0.09788901,0.061180631,0,0,0,256,229,20,1
1863942,26,20,8.666666667000001,5840,0,232992.75,7,7,72,132,1.609492141,3.218984282,0,0,2,8192,229,20,1
80660095,56,20,7.0,5840,0,6721674.583,124,151,172,112,0.099181634,0.061988521,0,0,0,256,229,20,1
492753,26,20,8.666666667000001,4380,0,61594.125,15,48,72,132,6.088242994,12.17648599,0,0,2,8192,229,20,1
125647,26,20,8.666666667000001,10220,0,17949.57143,3,30,72,112,23.87641567,39.79402612,0,0,1,8192,229,20,1
125881,26,20,8.666666667000001,7215,0,17983.0,1,1,72,112,23.83203184,39.72005307,0,0,1,8192,229,20,1
82038394,56,20,7.0,11595,0,7458035.818,3,3,172,92,0.0975153169999999,0.048757659,0,0,0,256,229,20,1
676519,26,20,8.666666667000001,5840,0,96645.57143,3,49,72,112,4.434465255,7.390775425,0,0,1,8192,229,20,1
1023810,26,20,8.666666667000001,4380,0,127976.25,3,48,72,132,2.930231195,5.86046239,0,0,2,8192,229,20,1
8034856,24,6,6.0,0,0,2678285.333,1,1,80,0,0.497830951,0.0,6,0,0,256,-1,20,1
1974968,24,6,6.0,0,0,658322.6667,1,1,80,0,2.025349271,0.0,6,0,0,256,-1,20,1
157536,24,6,6.0,0,0,52512.0,337,337,80,0,25.39102173,0.0,6,0,0,256,-1,20,1
10201749,30,6,6.0,0,0,2550437.25,1,1,100,0,0.490112039,0.0,6,0,0,256,-1,20,1
10108728,24,6,6.0,0,0,3369576.0,985,985,80,0,0.3956976579999999,0.0,6,0,0,256,-1,20,1
6071870,24,6,6.0,0,0,2023956.667,4,4,80,0,0.658775633,0.0,6,0,0,256,-1,20,1
8140030,50,20,7.142857143,8760,0,814003.0,2,2,152,92,0.8599476909999999,0.49139868,0,0,0,256,229,20,1
3993938,30,6,6.0,0,0,998484.5,996,996,100,0,1.25189725,0.0,6,0,0,256,-1,20,1
10480589,56,20,7.0,8760,0,952780.8182,1,1,172,92,0.7633158790000001,0.381657939,0,0,0,256,229,20,1
10477217,56,20,7.0,8760,0,952474.2727,3,3,172,92,0.763561545,0.3817807729999999,0,0,0,256,229,20,1
9541794,24,6,6.0,0,0,3180598.0,225,225,80,0,0.4192083789999999,0.0,6,0,0,256,-1,20,1
7528799,24,6,6.0,0,0,2509599.667,903,903,80,0,0.531293238,0.0,6,0,0,256,-1,20,1
4016927,30,6,6.0,0,0,1004231.75,937,937,100,0,1.244732603,0.0,6,0,0,256,-1,20,1
10709706,24,6,6.0,0,0,3569902.0,1,1,80,0,0.373492979,0.0,6,0,0,256,-1,20,1
1767222,26,20,8.666666667000001,7300,0,252460.2857,42,202,72,112,1.697579591,2.8292993180000003,0,0,1,8192,229,20,1
8098775,24,6,6.0,0,0,2699591.667,2,2,80,0,0.493901856,0.0,6,0,0,256,-1,20,1
6683892,30,6,6.0,0,0,1670973.0,0,0,100,0,0.7480671440000001,0.0,6,0,0,256,-1,20,1
2004958,24,6,6.0,0,0,668319.3333,4,4,80,0,1.99505426,0.0,6,0,0,256,-1,20,1
7769,26,20,8.666666667000001,8760,0,1109.857143,61,997,72,112,386.1500837,643.5834727999999,0,0,1,8192,229,20,1
24835,26,20,8.666666667000001,5840,0,3547.857143,8,8,72,112,120.7972619,201.3287699,0,0,1,8192,229,20,1
1300197,26,20,8.666666667000001,8760,0,185742.4286,30,525,72,112,2.307342657,3.845571094,0,0,1,8192,229,20,1
64980,26,20,8.666666667000001,5755,0,8122.5,3,208,72,132,46.16805171,92.33610342,0,0,2,8192,229,20,1
99397,26,20,8.666666667000001,4380,0,12424.625,100,245,72,132,30.18199744,60.36399489,0,0,2,8192,229,20,1
8271946,30,6,6.0,0,0,2067986.5,0,0,100,0,0.6044526889999999,0.0,6,0,0,256,-1,20,1
27320,26,20,8.666666667000001,5840,0,3902.857143,4,154,72,112,109.8096633,183.0161054,0,0,1,8192,229,20,1
4188538,24,6,6.0,0,0,1396179.333,318,318,80,0,0.954987158,0.0,6,0,0,256,-1,20,1
32024,26,20,8.666666667000001,7215,0,4574.857143,4,100,72,112,93.67974019,156.1329003,0,0,1,8192,229,20,1
32143,26,20,8.666666667000001,7215,0,4591.857143,4,97,72,112,93.33291852,155.5548642,0,0,1,8192,229,20,1
